"alphaid","policyNo","type","status","Request date"
"376800482",U230111125,policy,SUCCESS,2024-05-27
"356121219",U242251714,policy,SUCCESS,2024-05-27
"303598066",U241379215,policy,SUCCESS,2024-05-27
"356121219",U241333316,policy,SUCCESS,2024-05-27
"2127281317",U230094022,policy,SUCCESS,2024-05-27
"359094211",U229160035,policy,SUCCESS,2024-05-27
"345719692",U205228519,policy,SUCCESS,2024-05-27
"346879856",U214736005,policy,SUCCESS,2024-05-27
"327780661",U229352319,policy,SUCCESS,2024-05-27
"300568095",U227056617,policy,SUCCESS,2024-05-27
"376965970",U205421701,policy,SUCCESS,2024-05-27
"327413697",U093391920,policy,SUCCESS,2024-05-27
"320784053",U213419271,policy,SUCCESS,2024-05-27
"321731634",U219214234,policy,SUCCESS,2024-05-27
"331034473",U220591153,policy,SUCCESS,2024-05-27
"237481263",U154753041,policy,SUCCESS,2024-05-27
"237481263",U188347232,policy,SUCCESS,2024-05-27
"237481263",U218495300,policy,SUCCESS,2024-05-27
"339258079",U241511280,policy,SUCCESS,2024-05-27
"1614431",U179770054,policy,SUCCESS,2024-05-27
"349527550",U207575244,policy,SUCCESS,2024-05-27
"324603086",U152835055,policy,SUCCESS,2024-05-27
"282152282",U213262237,policy,SUCCESS,2024-05-27
"361118790",U234438066,policy,SUCCESS,2024-05-27
"347641890",U165921011,policy,SUCCESS,2024-05-27
"370684617",U173023804,policy,SUCCESS,2024-05-27
"132536343",U144531260,policy,SUCCESS,2024-05-27
"361118790",U234437711,policy,SUCCESS,2024-05-27
"368814185",U203119808,policy,SUCCESS,2024-05-27
"193166086",U249731389,policy,SUCCESS,2024-05-27
"295896803",U105311979,policy,SUCCESS,2024-05-27
,U214170946,policy,SUCCESS,2024-05-27
"324051173",U203782523,policy,SUCCESS,2024-05-27
"324051173",U203786655,policy,SUCCESS,2024-05-27
"371198120",U213572396,policy,SUCCESS,2024-05-27
"250900437",U224825728,policy,SUCCESS,2024-05-27
"331338032",U104824289,policy,SUCCESS,2024-05-27
"375977529",U172818696,policy,SUCCESS,2024-05-27
"368830055",U225216514,policy,SUCCESS,2024-05-27
"310036520",U103141536,policy,SUCCESS,2024-05-27
"374213051",U115553989,policy,SUCCESS,2024-05-27
"351780910",U232689707,policy,SUCCESS,2024-05-27
"302528075",U172483157,policy,SUCCESS,2024-05-27
"314968795",U229044119,policy,SUCCESS,2024-05-27
"332568144",U152802305,policy,SUCCESS,2024-05-27
"311092149",U152826860,policy,SUCCESS,2024-05-27
"359948761",U157688728,policy,SUCCESS,2024-05-27
"361253703",U204409009,policy,SUCCESS,2024-05-27
"253703125",U192306793,policy,SUCCESS,2024-05-27
"241730744",U204934972,policy,SUCCESS,2024-05-27
"322034855",U196524128,policy,SUCCESS,2024-05-27
,U215040570,policy,SUCCESS,2024-05-27
"371845264",U204736109,policy,SUCCESS,2024-05-27
"2143947547",U183754448,policy,SUCCESS,2024-05-27
"241730744",U083354472,policy,SUCCESS,2024-05-27
"336864880",U241744866,policy,SUCCESS,2024-05-27
"371831940",U229977383,policy,SUCCESS,2024-05-27
"324128039",U242677929,policy,SUCCESS,2024-05-27
,U994300793,policy,SUCCESS,2024-05-27
"227587308",U201410651,policy,FAILED,2024-05-27
"336503303",U224912987,policy,SUCCESS,2024-05-27
"227587308",U201410651,policy,SUCCESS,2024-05-27
"237354040",U091177324,policy,SUCCESS,2024-05-27
"2111699153",U674674671,policy,SUCCESS,2024-05-27
"2120355086",U162942488,policy,SUCCESS,2024-05-27
"83849341",U080017589,policy,SUCCESS,2024-05-27
"325757557",U224784597,policy,SUCCESS,2024-05-27
"314941837",U201048667,policy,FAILED,2024-05-27
"83849341",U092488915,policy,SUCCESS,2024-05-27
"314941837",U201048667,policy,SUCCESS,2024-05-27
"83849341",U151731066,policy,SUCCESS,2024-05-27
"48753250",U670549315,policy,SUCCESS,2024-05-27
"358253271",U205125557,policy,SUCCESS,2024-05-27
"358253271",U205125557,policy,FAILED,2024-05-27
"380457502",U235223843,policy,SUCCESS,2024-05-27
"378933713",U214057894,policy,SUCCESS,2024-05-27
"51490603",U010350928,policy,SUCCESS,2024-05-27
"289032123",U213388784,policy,SUCCESS,2024-05-27
"379804034",U243772742,policy,SUCCESS,2024-05-27
"336351595",U241500398,policy,SUCCESS,2024-05-27
"338770462",U193121676,policy,SUCCESS,2024-05-27
"381095871",U165564070,policy,SUCCESS,2024-05-27
"227742518",U190301428,policy,SUCCESS,2024-05-27
"344365140",U204657631,policy,SUCCESS,2024-05-27
"298470866",U242458708,policy,SUCCESS,2024-05-27
"375763786",U194427696,policy,SUCCESS,2024-05-27
"285766859",U107144636,policy,SUCCESS,2024-05-27
"358864930",U152734949,policy,SUCCESS,2024-05-27
"372122494",U183600314,policy,SUCCESS,2024-05-27
"13940656",U229987551,policy,SUCCESS,2024-05-27
"227272051",U183709163,policy,SUCCESS,2024-05-27
"240717168",U204269757,policy,SUCCESS,2024-05-27
"369771856",U162788558,policy,SUCCESS,2024-05-27
"364214219",U229291784,policy,SUCCESS,2024-05-27
"43794717",U183754529,policy,SUCCESS,2024-05-27
"346433128",U173578074,policy,SUCCESS,2024-05-27
"42953478",U061139321,policy,SUCCESS,2024-05-27
"312754314",U234317158,policy,SUCCESS,2024-05-27
"2093663036",U183706551,policy,SUCCESS,2024-05-27
"43794717",U162140426,policy,SUCCESS,2024-05-27
"2119174393",U220720607,policy,SUCCESS,2024-05-27
"381800365",U203478303,policy,SUCCESS,2024-05-27
"8290094",U174357168,policy,SUCCESS,2024-05-27
"8290094",U011485944,policy,SUCCESS,2024-05-27
"8290094",U110404716,policy,SUCCESS,2024-05-27
"8290094",U145968117,policy,SUCCESS,2024-05-27
"2061473186",U156878047,policy,SUCCESS,2024-05-27
"60701262",U007360594,policy,SUCCESS,2024-05-27
"375981544",U183847847,policy,SUCCESS,2024-05-27
,U241179648,policy,SUCCESS,2024-05-27
,U241179648,policy,SUCCESS,2024-05-27
"319211012",U039506834,policy,SUCCESS,2024-05-27
"375106039",U195535163,policy,SUCCESS,2024-05-27
"328229242",U184502916,policy,SUCCESS,2024-05-27
"337997208",U213210580,policy,SUCCESS,2024-05-27
"75788258",U214637939,policy,SUCCESS,2024-05-27
"340777718",U204589411,policy,SUCCESS,2024-05-27
"372579753",U164885336,policy,SUCCESS,2024-05-27
"159311613",U161107224,policy,SUCCESS,2024-05-27
"159311613",U161107224,policy,FAILED,2024-05-27
"256098907",U183763578,policy,SUCCESS,2024-05-27
"159287240",U161107237,policy,SUCCESS,2024-05-27
"316020455",U095669566,policy,SUCCESS,2024-05-27
"366980095",U061720138,policy,SUCCESS,2024-05-27
"260992600",U113124475,policy,SUCCESS,2024-05-27
"330402628",U220306351,policy,SUCCESS,2024-05-27
"187946698",U994626228,policy,SUCCESS,2024-05-27
"361903044",U240921198,policy,SUCCESS,2024-05-27
"344421158",U172862419,policy,SUCCESS,2024-05-27
"11370192",U994626215,policy,SUCCESS,2024-05-27
"11370192",U016737862,policy,SUCCESS,2024-05-27
"2101274542",U097801940,policy,SUCCESS,2024-05-27
"369260622",U229640856,policy,SUCCESS,2024-05-27
"369614467",U234906967,policy,SUCCESS,2024-05-27
"334166254",U172574710,policy,SUCCESS,2024-05-27
"377448797",U225522224,policy,SUCCESS,2024-05-27
"327989512",U213671695,policy,SUCCESS,2024-05-27
"311117136",U173126332,policy,SUCCESS,2024-05-27
"378721282",U162974197,policy,SUCCESS,2024-05-27
"373964356",U677680688,policy,SUCCESS,2024-05-27
"371432981",U173145708,policy,SUCCESS,2024-05-27
"339493142",U219277556,policy,SUCCESS,2024-05-27
"380268007",U229950342,policy,SUCCESS,2024-05-27
"296852888",U184059692,policy,SUCCESS,2024-05-27
"136907259",U098711615,policy,SUCCESS,2024-05-27
"336351241",U137006472,policy,SUCCESS,2024-05-27
"282129891",U002331308,policy,SUCCESS,2024-05-27
"282129891",U157718423,policy,SUCCESS,2024-05-27
"378560397",U235184115,policy,SUCCESS,2024-05-27
"91986399",U010409112,policy,SUCCESS,2024-05-27
"91986399",U010409112,policy,SUCCESS,2024-05-27
"2060439345",U171772115,policy,SUCCESS,2024-05-27
"333097520",U193374494,policy,SUCCESS,2024-05-27
"355201806",U233115225,policy,SUCCESS,2024-05-27
"355201806",U149522601,policy,SUCCESS,2024-05-27
"274195323",U049800669,policy,SUCCESS,2024-05-27
"155561568",U112025203,policy,SUCCESS,2024-05-27
"2122146769",U100557482,policy,SUCCESS,2024-05-27
"2122146769",U100557482,policy,FAILED,2024-05-27
"374201937",U085867035,policy,SUCCESS,2024-05-27
"374201937",U085867035,policy,FAILED,2024-05-27
"364216736",U175752869,policy,SUCCESS,2024-05-27
"358707260",U224330019,policy,SUCCESS,2024-05-27
"381208091",U227836523,policy,SUCCESS,2024-05-27
"362274394",U241343432,policy,SUCCESS,2024-05-27
"310914664",U230329878,policy,SUCCESS,2024-05-27
"362299306",U241344305,policy,SUCCESS,2024-05-27
"362299306",U193959479,policy,SUCCESS,2024-05-27
"362299306",U173198043,policy,SUCCESS,2024-05-27
"88938530",U000621777,policy,SUCCESS,2024-05-27
"312173661",U204001928,policy,SUCCESS,2024-05-27
"343094519",U225734517,policy,SUCCESS,2024-05-27
"378273688",U214212176,policy,SUCCESS,2024-05-27
"378840017",U214048845,policy,SUCCESS,2024-05-27
"367036702",U238313705,policy,SUCCESS,2024-05-27
"344317055",U229883532,policy,SUCCESS,2024-05-28
"384020098",U161474397,policy,SUCCESS,2024-05-28
"308126101",U242323477,policy,SUCCESS,2024-05-28
"341889113",U205120756,policy,SUCCESS,2024-05-28
"382104949",U213871686,policy,SUCCESS,2024-05-28
"366508426",U197034455,policy,SUCCESS,2024-05-28
"291644332",U193061435,policy,SUCCESS,2024-05-28
"266560168",U214923559,policy,FAILED,2024-05-28
"266560168",U214923559,policy,FAILED,2024-05-28
"333512845",U216898640,policy,SUCCESS,2024-05-28
"370416229",U219562708,policy,SUCCESS,2024-05-28
"379227521",U225310180,policy,SUCCESS,2024-05-28
"362861600",U239418984,policy,SUCCESS,2024-05-28
"328227127",U213684187,policy,SUCCESS,2024-05-28
"377562134",U184230136,policy,SUCCESS,2024-05-28
"341701224",U151438767,policy,SUCCESS,2024-05-28
"237354040",U162145078,policy,SUCCESS,2024-05-28
"13510732",U200702250,policy,SUCCESS,2024-05-28
"383819941",U161471837,policy,SUCCESS,2024-05-28
"380904695",U207218666,policy,SUCCESS,2024-05-28
"227272051",U183709163,policy,SUCCESS,2024-05-28
"2139867330",U197122118,policy,SUCCESS,2024-05-28
"367721820",U229855764,policy,SUCCESS,2024-05-28
"298854756",U241151572,policy,SUCCESS,2024-05-28
"378583864",U126327311,policy,SUCCESS,2024-05-28
"284909499",U133046407,policy,FAILED,2024-05-28
"286360375",U055667223,policy,SUCCESS,2024-05-28
"277017211",U234283554,policy,FAILED,2024-05-28
"352204244",U193860199,policy,SUCCESS,2024-05-28
"352204244",U194639879,policy,SUCCESS,2024-05-28
"290925052",U214334795,policy,SUCCESS,2024-05-28
"314074100",U242534716,policy,SUCCESS,2024-05-28
"370565873",U184183458,policy,SUCCESS,2024-05-28
"300318638",U215803199,policy,SUCCESS,2024-05-28
"2068350026",U005493997,policy,SUCCESS,2024-05-28
"237385905",U234670471,policy,SUCCESS,2024-05-28
"2068350026",U162530573,policy,SUCCESS,2024-05-28
"382059405",U115250583,policy,SUCCESS,2024-05-28
"315436004",U192766375,policy,SUCCESS,2024-05-28
"300358447",U215806853,policy,SUCCESS,2024-05-28
"365938008",U185775962,policy,SUCCESS,2024-05-28
"246854168",U229248876,policy,SUCCESS,2024-05-28
"377058637",U205000423,policy,SUCCESS,2024-05-28
"306345869",U172485362,policy,SUCCESS,2024-05-28
"246854168",U151451715,policy,SUCCESS,2024-05-28
"375231904",U174732932,policy,SUCCESS,2024-05-28
"378787813",U135056479,policy,SUCCESS,2024-05-28
"331017113",U229453755,policy,SUCCESS,2024-05-28
"360988848",U241890558,policy,SUCCESS,2024-05-28
"257200314",U218890002,policy,SUCCESS,2024-05-28
"367129819",U223383449,policy,SUCCESS,2024-05-28
"367484929",U053875211,policy,SUCCESS,2024-05-28
"2078095522",U064245144,policy,SUCCESS,2024-05-28
"335528000",U193542679,policy,SUCCESS,2024-05-28
"275259138",U229246441,policy,SUCCESS,2024-05-28
"275259138",U096492334,policy,SUCCESS,2024-05-28
"375592267",U143415196,policy,SUCCESS,2024-05-28
"275259138",U102864005,policy,SUCCESS,2024-05-28
"371401473",U213583107,policy,SUCCESS,2024-05-28
"371401473",U213583107,policy,FAILED,2024-05-28
"311120912",U084076089,policy,SUCCESS,2024-05-28
"377398614",U078825673,policy,SUCCESS,2024-05-28
"308356944",U162139796,policy,SUCCESS,2024-05-28
"368532564",U214120462,policy,SUCCESS,2024-05-28
"2125926641",U000888620,policy,SUCCESS,2024-05-28
"226853565",U185336220,policy,SUCCESS,2024-05-28
"375429420",U235742366,policy,SUCCESS,2024-05-28
"375780608",U183850300,policy,SUCCESS,2024-05-28
"383399957",U181560692,policy,SUCCESS,2024-05-28
"315273094",U156130853,policy,SUCCESS,2024-05-28
"375357608",U219002226,policy,SUCCESS,2024-05-28
"346768129",U235541732,policy,SUCCESS,2024-05-28
,U228150172,policy,SUCCESS,2024-05-28
"286705761",U047845891,policy,SUCCESS,2024-05-28
"367787835",U228663339,policy,SUCCESS,2024-05-28
"226306379",U008632030,policy,SUCCESS,2024-05-28
"263975462",U234266746,policy,SUCCESS,2024-05-28
"271677127",U039196299,policy,FAILED,2024-05-28
"271677127",U039196299,policy,FAILED,2024-05-28
"33598381",U004826293,policy,SUCCESS,2024-05-28
"375571655",U040331849,policy,SUCCESS,2024-05-28
"4900760",U330019541,policy,SUCCESS,2024-05-28
"4900760",U330019541,policy,SUCCESS,2024-05-28
"371688304",U214291391,policy,SUCCESS,2024-05-28
"4900760",U330019541,policy,FAILED,2024-05-28
"4900760",U330019541,policy,FAILED,2024-05-28
"381529590",U171673531,policy,SUCCESS,2024-05-28
"237762001",U192140056,policy,SUCCESS,2024-05-28
"304840418",U149109655,policy,SUCCESS,2024-05-28
"360435397",U229172780,policy,SUCCESS,2024-05-28
"304840418",U242423322,policy,SUCCESS,2024-05-28
"331961140",U183327985,policy,SUCCESS,2024-05-28
"307248752",U181544799,policy,SUCCESS,2024-05-28
"331305276",U172063661,policy,SUCCESS,2024-05-28
"378490533",U151479564,policy,SUCCESS,2024-05-28
"373481769",U161754813,policy,SUCCESS,2024-05-28
"272659540",U172074906,policy,SUCCESS,2024-05-28
"272659540",U034588048,policy,SUCCESS,2024-05-28
"42953478",U061139321,policy,SUCCESS,2024-05-28
"352776349",U205644805,policy,SUCCESS,2024-05-28
"247774151",U122709386,policy,SUCCESS,2024-05-28
"357308857",U000317146,policy,SUCCESS,2024-05-28
"42882569",U003891614,policy,SUCCESS,2024-05-28
"297297703",U123358260,policy,SUCCESS,2024-05-28
"43507074",U003885963,policy,SUCCESS,2024-05-28
"291165293",U242457660,policy,SUCCESS,2024-05-28
"297297703",U225798935,policy,SUCCESS,2024-05-28
"369140724",U203311606,policy,SUCCESS,2024-05-28
"297688860",U157731808,policy,SUCCESS,2024-05-28
"338411886",U183354518,policy,SUCCESS,2024-05-28
"291160654",U242458559,policy,SUCCESS,2024-05-28
"381387008",U203488872,policy,SUCCESS,2024-05-28
"320988244",U023574568,policy,SUCCESS,2024-05-28
"380711745",U172896647,policy,SUCCESS,2024-05-28
"28462871",U200522883,policy,SUCCESS,2024-05-28
"234400469",U190857493,policy,SUCCESS,2024-05-28
"43794717",U183754529,policy,SUCCESS,2024-05-28
"43794717",U229947863,policy,SUCCESS,2024-05-28
"6633035",U239412472,policy,SUCCESS,2024-05-28
"43794717",U203416213,policy,SUCCESS,2024-05-28
"333241659",U225005152,policy,SUCCESS,2024-05-28
"380007886",U178464581,policy,SUCCESS,2024-05-28
"43794717",U004866541,policy,SUCCESS,2024-05-28
"379459498",U225318522,policy,SUCCESS,2024-05-28
"43794717",U162140426,policy,SUCCESS,2024-05-28
"346626180",U205387201,policy,SUCCESS,2024-05-28
"2146528590",U169333922,policy,SUCCESS,2024-05-28
"320464841",U204054360,policy,SUCCESS,2024-05-28
"194740942",U151689749,policy,SUCCESS,2024-05-28
"2143367994",U185342612,policy,SUCCESS,2024-05-28
"383459749",U192142070,policy,SUCCESS,2024-05-28
"307186229",U183513524,policy,SUCCESS,2024-05-28
"324835168",U243240708,policy,SUCCESS,2024-05-28
"324835168",U243240708,policy,FAILED,2024-05-28
"324835168",U243240708,policy,FAILED,2024-05-28
"375938883",U186804845,policy,SUCCESS,2024-05-28
"324835168",U243240708,policy,FAILED,2024-05-28
"324835168",U243240708,policy,FAILED,2024-05-28
,U242251905,policy,SUCCESS,2024-05-28
"324835168",U243240708,policy,FAILED,2024-05-28
"328269305",U213511289,policy,SUCCESS,2024-05-28
"13515764",U171349195,policy,SUCCESS,2024-05-28
"368516500",U213960623,policy,SUCCESS,2024-05-28
"339504011",U219536019,policy,SUCCESS,2024-05-28
"300141498",U227054994,policy,SUCCESS,2024-05-28
"376338109",U242367239,policy,SUCCESS,2024-05-28
"383565248",U171825020,policy,SUCCESS,2024-05-28
"369409720",U233151894,policy,SUCCESS,2024-05-28
"368958799",U172954084,policy,SUCCESS,2024-05-28
"306301016",U152776664,policy,SUCCESS,2024-05-28
"378128706",U193856640,policy,SUCCESS,2024-05-28
"383275949",U171709463,policy,SUCCESS,2024-05-28
"376435576",U172838388,policy,SUCCESS,2024-05-28
"237606776",U083654428,policy,SUCCESS,2024-05-28
"237606776",U083654428,policy,FAILED,2024-05-28
"323606727",U234449055,policy,SUCCESS,2024-05-28
"372552626",U213722780,policy,SUCCESS,2024-05-28
"248359443",U195165999,policy,SUCCESS,2024-05-28
"324835168",U243240708,policy,FAILED,2024-05-28
"317286128",U115211991,policy,SUCCESS,2024-05-28
"253364311",U094787834,policy,SUCCESS,2024-05-28
"280672562",U224569327,policy,SUCCESS,2024-05-28
"380237496",U204881834,policy,SUCCESS,2024-05-28
"351893182",U181521819,policy,SUCCESS,2024-05-28
"348393114",U186815368,policy,SUCCESS,2024-05-28
"351893182",U227152977,policy,SUCCESS,2024-05-28
"328492420",U184497814,policy,SUCCESS,2024-05-28
"305099053",U201037335,policy,SUCCESS,2024-05-28
"305099053",U201037335,policy,FAILED,2024-05-28
"2134039990",U103502829,policy,SUCCESS,2024-05-28
"375966037",U234164877,policy,SUCCESS,2024-05-28
"330474942",U241364958,policy,SUCCESS,2024-05-28
"375966037",U193777266,policy,SUCCESS,2024-05-28
"166645277",U143311368,policy,SUCCESS,2024-05-28
"374050096",U192432272,policy,SUCCESS,2024-05-28
"373718700",U203410031,policy,SUCCESS,2024-05-28
"355474712",U152718677,policy,SUCCESS,2024-05-28
"271593487",U117330650,policy,SUCCESS,2024-05-28
"2066529350",U138926344,policy,SUCCESS,2024-05-28
"2066529350",U138926344,policy,SUCCESS,2024-05-28
"17280677",U270009213,policy,SUCCESS,2024-05-28
"166912830",U142222186,policy,SUCCESS,2024-05-28
"356157991",U194287988,policy,SUCCESS,2024-05-28
"2067809732",U670776803,policy,SUCCESS,2024-05-28
"319669332",U110149547,policy,SUCCESS,2024-05-28
"75144078",U144622564,policy,SUCCESS,2024-05-28
"324835168",U243240708,policy,FAILED,2024-05-28
"380538577",U061891944,policy,SUCCESS,2024-05-28
"343437433",U225841277,policy,SUCCESS,2024-05-28
"380363603",U055441135,policy,SUCCESS,2024-05-28
"334089586",U228150839,policy,SUCCESS,2024-05-28
"364906886",U224878092,policy,SUCCESS,2024-05-28
"320966000",U147059817,policy,SUCCESS,2024-05-28
"353876796",U193565795,policy,SUCCESS,2024-05-28
"383182690",U149845566,policy,SUCCESS,2024-05-28
"324296611",U183006251,policy,SUCCESS,2024-05-28
"269335358",U192483917,policy,SUCCESS,2024-05-28
"269335358",U192483917,policy,FAILED,2024-05-28
"384238521",U204779373,policy,SUCCESS,2024-05-28
"317316306",U213126205,policy,SUCCESS,2024-05-28
"367998686",U204604040,policy,SUCCESS,2024-05-28
"306377945",U224791014,policy,SUCCESS,2024-05-28
"368607435",U225225343,policy,SUCCESS,2024-05-28
"361527468",U213756277,policy,SUCCESS,2024-05-28
"359948761",U157688728,policy,SUCCESS,2024-05-28
"364798223",U241459119,policy,SUCCESS,2024-05-28
"311374751",U133820393,policy,SUCCESS,2024-05-28
"133968370",U033155074,policy,SUCCESS,2024-05-28
"133968370",U241730249,policy,SUCCESS,2024-05-28
"333558982",U140124927,policy,SUCCESS,2024-05-28
"333558982",U230245774,policy,SUCCESS,2024-05-28
"296599987",U213167921,policy,SUCCESS,2024-05-29
"372064594",U193358067,policy,SUCCESS,2024-05-29
"102564826",U025548518,policy,SUCCESS,2024-05-29
,U004382876,policy,SUCCESS,2024-05-29
,U004382876,policy,FAILED,2024-05-29
"289251429",U186760536,policy,SUCCESS,2024-05-29
"303831446",U039264118,policy,SUCCESS,2024-05-29
"349515632",U207581296,policy,SUCCESS,2024-05-29
"227587308",U201410651,policy,SUCCESS,2024-05-29
"235723222",U153515523,policy,SUCCESS,2024-05-29
"367283131",U181305103,policy,SUCCESS,2024-05-29
"287886005",U172236317,policy,FAILED,2024-05-29
"243394579",U224807461,policy,SUCCESS,2024-05-29
"243382129",U115867138,policy,SUCCESS,2024-05-29
"367776633",U219972576,policy,SUCCESS,2024-05-29
"262326740",U241721274,policy,SUCCESS,2024-05-29
"370565873",U184183458,policy,SUCCESS,2024-05-29
,U004382876,policy,FAILED,2024-05-29
"274605587",U144593936,policy,SUCCESS,2024-05-29
"2128916214",U166615834,policy,SUCCESS,2024-05-29
"362841488",U242652724,policy,SUCCESS,2024-05-29
"362841488",U242255914,policy,SUCCESS,2024-05-29
"272737028",U076215269,policy,SUCCESS,2024-05-29
"367651226",U192299583,policy,SUCCESS,2024-05-29
"365688406",U247090608,policy,SUCCESS,2024-05-29
"4900760",U330019541,policy,SUCCESS,2024-05-29
"363378075",U242252085,policy,SUCCESS,2024-05-29
"383986816",U192125505,policy,SUCCESS,2024-05-29
"340308523",U213937203,policy,SUCCESS,2024-05-29
"378460040",U229894149,policy,SUCCESS,2024-05-29
"382061499",U115257489,policy,SUCCESS,2024-05-29
"135148617",U128830327,policy,SUCCESS,2024-05-29
"226651408",U162943636,policy,SUCCESS,2024-05-29
"270358960",U113540664,policy,SUCCESS,2024-05-29
"368127465",U051589156,policy,SUCCESS,2024-05-29
"132536343",U144531260,policy,SUCCESS,2024-05-29
,U183799872,policy,SUCCESS,2024-05-29
"377332962",U225254000,policy,SUCCESS,2024-05-29
,U080964344,policy,SUCCESS,2024-05-29
"312376033",U172187220,policy,SUCCESS,2024-05-29
"321947640",U196525059,policy,SUCCESS,2024-05-29
"374963486",U155136845,policy,SUCCESS,2024-05-29
"2140675849",U228106896,policy,SUCCESS,2024-05-29
"278139389",U219125873,policy,FAILED,2024-05-29
"382894772",U109981680,policy,SUCCESS,2024-05-29
"367539678",U219971108,policy,SUCCESS,2024-05-29
"378391443",U022275907,policy,SUCCESS,2024-05-29
"73638779",U003212057,policy,SUCCESS,2024-05-29
"378391443",U225467897,policy,SUCCESS,2024-05-29
"73638779",U142061567,policy,SUCCESS,2024-05-29
"73638779",U142061554,policy,SUCCESS,2024-05-29
,U193454615,policy,SUCCESS,2024-05-29
"282636504",U228995706,policy,SUCCESS,2024-05-29
"373385090",U126025037,policy,SUCCESS,2024-05-29
"283415171",U084217136,policy,SUCCESS,2024-05-29
"362515891",U234575437,policy,SUCCESS,2024-05-29
"378840017",U214048845,policy,SUCCESS,2024-05-29
"319785120",U138357230,policy,SUCCESS,2024-05-29
"312579320",U172196020,policy,SUCCESS,2024-05-29
"305755452",U229326769,policy,SUCCESS,2024-05-29
"369694535",U234913413,policy,SUCCESS,2024-05-29
"373363584",U031096685,policy,SUCCESS,2024-05-29
"382123258",U193793790,policy,SUCCESS,2024-05-29
"287284067",U073641328,policy,SUCCESS,2024-05-29
"174059440",U071732048,policy,SUCCESS,2024-05-29
"287284067",U193521014,policy,SUCCESS,2024-05-29
"381202727",U196224279,policy,SUCCESS,2024-05-29
"334577702",U172740751,policy,SUCCESS,2024-05-29
"367778543",U184060827,policy,SUCCESS,2024-05-29
"377511990",U215028712,policy,SUCCESS,2024-05-29
"343991805",U162925641,policy,SUCCESS,2024-05-29
,U151880263,policy,SUCCESS,2024-05-29
"351310278",U217915548,policy,SUCCESS,2024-05-29
"375546345",U213973940,policy,SUCCESS,2024-05-29
"358527422",U219302489,policy,SUCCESS,2024-05-29
"303328517",U229223859,policy,SUCCESS,2024-05-29
,U162761630,policy,SUCCESS,2024-05-29
"297208325",U213303947,policy,SUCCESS,2024-05-29
"297208325",U213303947,policy,FAILED,2024-05-29
"303328517",U241388837,policy,SUCCESS,2024-05-29
"373958869",U139988873,policy,SUCCESS,2024-05-29
"2067318467",U089244065,policy,SUCCESS,2024-05-29
"193166086",U249731389,policy,SUCCESS,2024-05-29
"343969804",U153176577,policy,SUCCESS,2024-05-29
"42953478",U061139321,policy,SUCCESS,2024-05-29
"373964356",U677680688,policy,SUCCESS,2024-05-29
"279630463",U224574464,policy,SUCCESS,2024-05-29
"249127984",U183433358,policy,SUCCESS,2024-05-29
"2130891127",U183964445,policy,SUCCESS,2024-05-29
"354609414",U214991316,policy,SUCCESS,2024-05-29
"250246407",U172398695,policy,SUCCESS,2024-05-29
"2145134677",U196056939,policy,SUCCESS,2024-05-29
"249747887",U234508242,policy,SUCCESS,2024-05-29
"370905787",U173136458,policy,SUCCESS,2024-05-29
"7276925",U200474025,policy,SUCCESS,2024-05-29
"7276925",U008428901,policy,SUCCESS,2024-05-29
"372707761",U219513207,policy,SUCCESS,2024-05-29
"371755121",U234537239,policy,SUCCESS,2024-05-29
"371755121",U229269855,policy,SUCCESS,2024-05-29
"183545833",U673230485,policy,SUCCESS,2024-05-29
"378347280",U214216486,policy,SUCCESS,2024-05-29
"338527929",U213647742,policy,SUCCESS,2024-05-29
"299540346",U193727847,policy,SUCCESS,2024-05-29
"28462871",U200522883,policy,SUCCESS,2024-05-29
"343864084",U183889384,policy,SUCCESS,2024-05-29
"101335784",U006443373,policy,SUCCESS,2024-05-29
"24486301",U040009016,policy,SUCCESS,2024-05-29
"315991576",U224719203,policy,SUCCESS,2024-05-29
"383880370",U181538242,policy,SUCCESS,2024-05-29
"300053809",U219342928,policy,SUCCESS,2024-05-29
"369653998",U141842266,policy,SUCCESS,2024-05-29
"24487933",U040009210,policy,SUCCESS,2024-05-29
"24512488",U040009029,policy,SUCCESS,2024-05-29
"225014314",U016241905,policy,SUCCESS,2024-05-29
"348669659",U160560053,policy,SUCCESS,2024-05-29
"356566847",U214637502,policy,SUCCESS,2024-05-29
"358752792",U208046743,policy,SUCCESS,2024-05-29
"379039939",U219849162,policy,SUCCESS,2024-05-29
"369222705",U193757299,policy,SUCCESS,2024-05-29
"300132133",U206444651,policy,SUCCESS,2024-05-29
"47478565",U183543989,policy,SUCCESS,2024-05-29
"348402351",U186820405,policy,SUCCESS,2024-05-29
"47478565",U219463098,policy,SUCCESS,2024-05-29
"377586309",U194002707,policy,SUCCESS,2024-05-29
"320067699",U179177819,policy,SUCCESS,2024-05-29
"307393858",U241484951,policy,SUCCESS,2024-05-29
"320067699",U179178038,policy,SUCCESS,2024-05-29
"378110608",U163206929,policy,SUCCESS,2024-05-29
"372164485",U234544206,policy,SUCCESS,2024-05-29
"333826104",U228145983,policy,SUCCESS,2024-05-29
"379506123",U191232046,policy,SUCCESS,2024-05-29
"378291440",U214218523,policy,SUCCESS,2024-05-29
"379455146",U171793013,policy,SUCCESS,2024-05-29
"377305881",U184225125,policy,SUCCESS,2024-05-29
"374935287",U203846566,policy,SUCCESS,2024-05-29
"311869015",U151721665,policy,SUCCESS,2024-05-29
"67139574",U005502707,policy,SUCCESS,2024-05-29
"378209155",U204863056,policy,SUCCESS,2024-05-29
"383275949",U183628312,policy,SUCCESS,2024-05-29
"284662208",U219064219,policy,SUCCESS,2024-05-29
"383275949",U181440372,policy,SUCCESS,2024-05-29
"284662208",U172096942,policy,SUCCESS,2024-05-29
"383275949",U214530764,policy,SUCCESS,2024-05-29
"378363842",U193707142,policy,SUCCESS,2024-05-29
"377905638",U163196848,policy,SUCCESS,2024-05-29
"2117749621",U016074716,policy,SUCCESS,2024-05-29
"343104016",U225740912,policy,SUCCESS,2024-05-29
"378249674",U149935188,policy,SUCCESS,2024-05-29
"138065760",U156363882,policy,SUCCESS,2024-05-29
"351553806",U183792743,policy,SUCCESS,2024-05-29
"378480440",U161911410,policy,SUCCESS,2024-05-29
"2042916600",U016909483,policy,SUCCESS,2024-05-29
"230797572",U193887198,policy,SUCCESS,2024-05-29
"324835168",U243240708,policy,SUCCESS,2024-05-29
"324835168",U243240708,policy,FAILED,2024-05-29
"324835168",U243240708,policy,FAILED,2024-05-29
"362709515",U241329757,policy,SUCCESS,2024-05-29
"375127717",U213192048,policy,SUCCESS,2024-05-29
"322864025",U172293185,policy,SUCCESS,2024-05-29
"308903638",U218961672,policy,SUCCESS,2024-05-29
"323864732",U213509314,policy,SUCCESS,2024-05-29
"227656370",U221414446,policy,SUCCESS,2024-05-29
"369633646",U193901935,policy,SUCCESS,2024-05-29
"297478089",U172088222,policy,SUCCESS,2024-05-29
"383979368",U184422517,policy,SUCCESS,2024-05-29
"331300534",U172053930,policy,SUCCESS,2024-05-29
"237178349",U213316963,policy,SUCCESS,2024-05-29
"369867227",U070819904,policy,SUCCESS,2024-05-29
"367125316",U213765310,policy,SUCCESS,2024-05-29
"381378006",U097511696,policy,SUCCESS,2024-05-29
"381919922",U016650907,policy,SUCCESS,2024-05-29
"333380857",U172059251,policy,SUCCESS,2024-05-29
"378199359",U183935364,policy,SUCCESS,2024-05-29
"2113087567",U015909374,policy,SUCCESS,2024-05-29
"246935311",U224917979,policy,SUCCESS,2024-05-29
"327645229",U173624135,policy,SUCCESS,2024-05-29
"327645229",U173624135,policy,FAILED,2024-05-29
"343005403",U162417308,policy,SUCCESS,2024-05-29
"377398614",U078825673,policy,SUCCESS,2024-05-29
"367883184",U153415241,policy,SUCCESS,2024-05-29
"369480475",U105479882,policy,SUCCESS,2024-05-29
"383436580",U163553562,policy,SUCCESS,2024-05-29
"375631175",U225571644,policy,SUCCESS,2024-05-30
"331334061",U152452810,policy,SUCCESS,2024-05-30
"311993312",U183200523,policy,SUCCESS,2024-05-30
"378177339",U193854312,policy,SUCCESS,2024-05-30
"108854800",U002457871,policy,SUCCESS,2024-05-30
"297297703",U123358260,policy,SUCCESS,2024-05-30
"297297703",U225798935,policy,SUCCESS,2024-05-30
"367895776",U214644731,policy,SUCCESS,2024-05-30
"338429902",U183348650,policy,SUCCESS,2024-05-30
"378782238",U204705910,policy,SUCCESS,2024-05-30
,U225225343,policy,SUCCESS,2024-05-30
"246387938",U183442404,policy,SUCCESS,2024-05-30
"371051917",U162565920,policy,SUCCESS,2024-05-30
"306816097",U204176196,policy,SUCCESS,2024-05-30
"322928310",U222864655,policy,SUCCESS,2024-05-30
"315188200",U241179648,policy,SUCCESS,2024-05-30
"375422711",U224448134,policy,SUCCESS,2024-05-30
"370668336",U204466453,policy,SUCCESS,2024-05-30
"257572169",U135101719,policy,SUCCESS,2024-05-30
"257572169",U152550880,policy,SUCCESS,2024-05-30
"28462871",U200522883,policy,SUCCESS,2024-05-30
"2040448282",U004952701,policy,SUCCESS,2024-05-30
"351712340",U232676626,policy,SUCCESS,2024-05-30
"2130684655",U071815431,policy,SUCCESS,2024-05-30
"354064170",U226259363,policy,SUCCESS,2024-05-30
"270880993",U063836347,policy,SUCCESS,2024-05-30
"369138682",U233153931,policy,SUCCESS,2024-05-30
"310429083",U234100190,policy,SUCCESS,2024-05-30
"377773958",U066107714,policy,SUCCESS,2024-05-30
"243388158",U222936525,policy,SUCCESS,2024-05-30
"364006375",U161636148,policy,SUCCESS,2024-05-30
"243388158",U165398673,policy,SUCCESS,2024-05-30
"350351117",U222907020,policy,SUCCESS,2024-05-30
"2117759321",U064954626,policy,SUCCESS,2024-05-30
"352997733",U219717320,policy,SUCCESS,2024-05-30
"367923419",U214183331,policy,SUCCESS,2024-05-30
"376965998",U193902895,policy,SUCCESS,2024-05-30
"313978256",U188360468,policy,SUCCESS,2024-05-30
"266178273",U219672931,policy,SUCCESS,2024-05-30
"41441334",U004382876,policy,SUCCESS,2024-05-30
"383942353",U171819146,policy,SUCCESS,2024-05-30
"160516900",U154434687,policy,SUCCESS,2024-05-30
"380825419",U074874974,policy,SUCCESS,2024-05-30
"362924224",U242243502,policy,SUCCESS,2024-05-30
"2093663036",U183706551,policy,SUCCESS,2024-05-30
"378578347",U242061988,policy,SUCCESS,2024-05-30
"363262932",U225354858,policy,SUCCESS,2024-05-30
"327541545",U138894133,policy,SUCCESS,2024-05-30
"250960619",U242075220,policy,SUCCESS,2024-05-30
"18439696",U156375757,policy,SUCCESS,2024-05-30
"345786902",U205229987,policy,SUCCESS,2024-05-30
"241639191",U062235910,policy,SUCCESS,2024-05-30
"325950684",U182515358,policy,SUCCESS,2024-05-30
"325950684",U182515358,policy,FAILED,2024-05-30
"333802434",U214047202,policy,SUCCESS,2024-05-30
"370755807",U193946055,policy,SUCCESS,2024-05-30
"2139578524",U184111365,policy,SUCCESS,2024-05-30
"376695165",U225264537,policy,SUCCESS,2024-05-30
"366688346",U157693399,policy,SUCCESS,2024-05-30
"333538573",U125742227,policy,SUCCESS,2024-05-30
"51248925",U009042043,policy,SUCCESS,2024-05-30
"51248925",U106101625,policy,SUCCESS,2024-05-30
"51248925",U023652613,policy,SUCCESS,2024-05-30
"51248925",U023652600,policy,SUCCESS,2024-05-30
"382497436",U225794023,policy,SUCCESS,2024-05-30
"375739718",U219769051,policy,SUCCESS,2024-05-30
"285742714",U183128744,policy,FAILED,2024-05-30
"285742714",U183128744,policy,FAILED,2024-05-30
"373648133",U203410439,policy,SUCCESS,2024-05-30
"195361081",U213565730,policy,SUCCESS,2024-05-30
"375652862",U094464102,policy,SUCCESS,2024-05-30
"195361081",U244263917,policy,SUCCESS,2024-05-30
"322034855",U196524128,policy,SUCCESS,2024-05-30
"378165989",U112184623,policy,SUCCESS,2024-05-30
"379863938",U178472418,policy,SUCCESS,2024-05-30
"329708931",U089543465,policy,SUCCESS,2024-05-30
"2132559702",U032909001,policy,SUCCESS,2024-05-30
"356706380",U183379661,policy,SUCCESS,2024-05-30
"2128270617",U058957118,policy,SUCCESS,2024-05-30
"200478294",U044946971,policy,SUCCESS,2024-05-30
"2147074021",U016050523,policy,SUCCESS,2024-05-30
"373373707",U234668658,policy,SUCCESS,2024-05-30
"348727344",U157139390,policy,SUCCESS,2024-05-30
"290277201",U172918127,policy,SUCCESS,2024-05-30
"226651408",U162943636,policy,SUCCESS,2024-05-30
"253939885",U046911014,policy,SUCCESS,2024-05-30
"373956922",U243454109,policy,SUCCESS,2024-05-30
"164269026",U670080984,policy,SUCCESS,2024-05-30
"305099053",U201037335,policy,SUCCESS,2024-05-30
"319665905",U152697772,policy,SUCCESS,2024-05-30
"321572707",U165847467,policy,SUCCESS,2024-05-30
"2077893712",U085603697,policy,SUCCESS,2024-05-30
"239947549",U213842479,policy,SUCCESS,2024-05-30
"311908080",U207220638,policy,SUCCESS,2024-05-30
"287695878",U192960773,policy,SUCCESS,2024-05-30
"287695878",U204434731,policy,SUCCESS,2024-05-30
"318731410",U118801188,policy,SUCCESS,2024-05-30
"242066655",U127848132,policy,SUCCESS,2024-05-30
"152154138",U166382086,policy,SUCCESS,2024-05-30
"324758584",U218933833,policy,SUCCESS,2024-05-30
"377652316",U194008934,policy,SUCCESS,2024-05-30
"2109064057",U118658962,policy,SUCCESS,2024-05-30
"298268447",U188376151,policy,SUCCESS,2024-05-30
"183545833",U673230485,policy,SUCCESS,2024-05-30
"10841967",U200157711,policy,SUCCESS,2024-05-30
"2132411631",U055192222,policy,SUCCESS,2024-05-30
"38356670",U200969983,policy,SUCCESS,2024-05-30
"383046916",U161477077,policy,SUCCESS,2024-05-30
"316877323",U241297290,policy,SUCCESS,2024-05-30
"101335784",U006443373,policy,SUCCESS,2024-05-30
"274487644",U234380127,policy,SUCCESS,2024-05-30
"320784053",U213419271,policy,SUCCESS,2024-05-30
"320784053",U213419271,policy,FAILED,2024-05-30
"230468797",U120734447,policy,SUCCESS,2024-05-30
"362733743",U241346507,policy,SUCCESS,2024-05-30
"321731634",U219214234,policy,SUCCESS,2024-05-30
"324835168",U243240708,policy,FAILED,2024-05-30
"324835168",U243240708,policy,SUCCESS,2024-05-30
"370282219",U213252768,policy,SUCCESS,2024-05-30
"310285962",U162584244,policy,FAILED,2024-05-30
"358952471",U224331403,policy,SUCCESS,2024-05-30
"264999540",U237871905,policy,SUCCESS,2024-05-30
"374862776",U203842845,policy,SUCCESS,2024-05-30
"273955409",U046395054,policy,SUCCESS,2024-05-30
"273955409",U046395054,policy,FAILED,2024-05-30
"325950684",U182515358,policy,SUCCESS,2024-05-30
"5470886",U200060905,policy,SUCCESS,2024-05-30
"359638316",U088625326,policy,SUCCESS,2024-05-30
"320067699",U179177819,policy,SUCCESS,2024-05-30
"300220281",U046395067,policy,SUCCESS,2024-05-30
"370932505",U183446316,policy,SUCCESS,2024-05-30
"320067699",U179178038,policy,SUCCESS,2024-05-30
"351130971",U232691355,policy,SUCCESS,2024-05-30
"362571196",U076086579,policy,SUCCESS,2024-05-30
"376652328",U204637567,policy,SUCCESS,2024-05-30
"366474455",U208042077,policy,SUCCESS,2024-05-30
"273955409",U046395054,policy,FAILED,2024-05-30
"332236667",U228896478,policy,SUCCESS,2024-05-30
"273955409",U046395054,policy,FAILED,2024-05-30
"381548685",U104208533,policy,SUCCESS,2024-05-30
"273955409",U046395054,policy,FAILED,2024-05-30
"369642723",U204459237,policy,SUCCESS,2024-05-30
"273955409",U046395054,policy,FAILED,2024-05-30
"339598841",U204389132,policy,SUCCESS,2024-05-30
"369644866",U192149594,policy,SUCCESS,2024-05-30
,U163031754,policy,SUCCESS,2024-05-30
"377509915",U193998922,policy,SUCCESS,2024-05-30
"311185920",U204235383,policy,SUCCESS,2024-05-30
"323327460",U183394345,policy,SUCCESS,2024-05-30
"367984111",U214184482,policy,SUCCESS,2024-05-30
"327055275",U219226918,policy,SUCCESS,2024-05-30
"380446917",U193888294,policy,SUCCESS,2024-05-30
"384238866",U204779645,policy,SUCCESS,2024-05-30
"379020870",U219859136,policy,SUCCESS,2024-05-30
"379020870",U214060331,policy,SUCCESS,2024-05-30
"261963380",U172947981,policy,SUCCESS,2024-05-30
"381311722",U186452996,policy,SUCCESS,2024-05-30
"347170475",U204979610,policy,SUCCESS,2024-05-30
"321073259",U162400797,policy,SUCCESS,2024-05-30
"349401445",U196585044,policy,SUCCESS,2024-05-30
"349401445",U196584304,policy,SUCCESS,2024-05-30
"332367516",U228896449,policy,SUCCESS,2024-05-30
"329977915",U193417649,policy,SUCCESS,2024-05-30
"351629617",U235693842,policy,SUCCESS,2024-05-30
"317793439",U229147223,policy,SUCCESS,2024-05-30
"2120791844",U163150538,policy,SUCCESS,2024-05-30
"323864732",U213509314,policy,SUCCESS,2024-05-30
"323864732",U213509314,policy,FAILED,2024-05-30
"268998587",U172082370,policy,SUCCESS,2024-05-30
"271306146",U113320907,policy,SUCCESS,2024-05-30
"382962028",U171332940,policy,SUCCESS,2024-05-30
"330474942",U241364958,policy,SUCCESS,2024-05-30
"254718788",U117181087,policy,SUCCESS,2024-05-30
"232591916",U174354747,policy,SUCCESS,2024-05-30
"383436580",U163553562,policy,SUCCESS,2024-05-30
"228605245",U242471044,policy,SUCCESS,2024-05-30
"377323401",U163760724,policy,SUCCESS,2024-05-30
"332466987",U225572096,policy,SUCCESS,2024-05-30
"237136527",U152841269,policy,SUCCESS,2024-05-30
"237136527",U152841269,policy,FAILED,2024-05-30
"237136527",U038320723,policy,SUCCESS,2024-05-30
"382373781",U184040928,policy,SUCCESS,2024-05-30
"358790589",U224328937,policy,SUCCESS,2024-05-30
"302769140",U183510080,policy,SUCCESS,2024-05-31
"302769140",U241077517,policy,SUCCESS,2024-05-31
"382938555",U181029191,policy,SUCCESS,2024-05-31
"384165841",U181066361,policy,SUCCESS,2024-05-31
"325414216",U173465103,policy,SUCCESS,2024-05-31
"361618508",U229167944,policy,SUCCESS,2024-05-31
"263413638",U039077321,policy,SUCCESS,2024-05-31
"240090085",U220904290,policy,SUCCESS,2024-05-31
"384303812",U118805906,policy,SUCCESS,2024-05-31
"226824547",U040261728,policy,SUCCESS,2024-05-31
"337240959",U234608294,policy,SUCCESS,2024-05-31
"369138682",U233153931,policy,SUCCESS,2024-05-31
"321947640",U196525059,policy,SUCCESS,2024-05-31
"362960905",U242243243,policy,SUCCESS,2024-05-31
"297420145",U167471653,policy,SUCCESS,2024-05-31
"364798223",U241459119,policy,SUCCESS,2024-05-31
"2093663036",U183706551,policy,SUCCESS,2024-05-31
"370223212",U152805535,policy,SUCCESS,2024-05-31
"2056685387",U228808220,policy,SUCCESS,2024-05-31
"2056685387",U234916326,policy,SUCCESS,2024-05-31
"324098413",U162502271,policy,SUCCESS,2024-05-31
"320784053",U213419271,policy,SUCCESS,2024-05-31
"321731634",U219214234,policy,SUCCESS,2024-05-31
"256238712",U153505025,policy,SUCCESS,2024-05-31
"245281208",U115750054,policy,SUCCESS,2024-05-31
"245281208",U018061303,policy,SUCCESS,2024-05-31
"361737726",U181213693,policy,SUCCESS,2024-05-31
"227272051",U183709163,policy,SUCCESS,2024-05-31
"243835465",U191858792,policy,SUCCESS,2024-05-31
"271136334",U097785228,policy,SUCCESS,2024-05-31
"374599175",U226033738,policy,SUCCESS,2024-05-31
"338339412",U219228495,policy,SUCCESS,2024-05-31
"380731734",U204877880,policy,SUCCESS,2024-05-31
"380731734",U204877880,policy,FAILED,2024-05-31
"364650527",U203308169,policy,SUCCESS,2024-05-31
"324064191",U229140424,policy,SUCCESS,2024-05-31
"2117667770",U188677805,policy,SUCCESS,2024-05-31
"379863938",U178472418,policy,SUCCESS,2024-05-31
"369884952",U172665988,policy,SUCCESS,2024-05-31
"7615355",U165838777,policy,SUCCESS,2024-05-31
"297765006",U198151243,policy,SUCCESS,2024-05-31
"378108753",U204866383,policy,SUCCESS,2024-05-31
"141550293",U172092043,policy,SUCCESS,2024-05-31
"315991576",U224719203,policy,SUCCESS,2024-05-31
"331581696",U183404413,policy,SUCCESS,2024-05-31
"378308393",U163032203,policy,SUCCESS,2024-05-31
"111998058",U071832854,policy,SUCCESS,2024-05-31
"111998058",U192480826,policy,SUCCESS,2024-05-31
"380907191",U216574414,policy,SUCCESS,2024-05-31
"244677840",U234440795,policy,SUCCESS,2024-05-31
"372036715",U214125933,policy,SUCCESS,2024-05-31
"383271875",U181058751,policy,SUCCESS,2024-05-31
"164830239",U193892086,policy,SUCCESS,2024-05-31
"225984640",U172392565,policy,SUCCESS,2024-05-31
"299540346",U193727847,policy,SUCCESS,2024-05-31
"370224451",U163090096,policy,SUCCESS,2024-05-31
"242068613",U192411730,policy,SUCCESS,2024-05-31
"303422376",U241377686,policy,SUCCESS,2024-05-31
"2141618366",U201857845,policy,SUCCESS,2024-05-31
"2040037752",U088990420,policy,SUCCESS,2024-05-31
"369186375",U219906432,policy,SUCCESS,2024-05-31
"381024808",U237544193,policy,SUCCESS,2024-05-31
"336746137",U062023601,policy,SUCCESS,2024-05-31
"234400469",U190857493,policy,SUCCESS,2024-05-31
"47087556",U000904326,policy,SUCCESS,2024-05-31
"2134883625",U232611050,policy,SUCCESS,2024-05-31
"270764347",U056068902,policy,SUCCESS,2024-05-31
"379901054",U037030768,policy,SUCCESS,2024-05-31
"362498042",U219555359,policy,SUCCESS,2024-05-31
"367776633",U219972576,policy,SUCCESS,2024-05-31
"234767489",U134987879,policy,FAILED,2024-05-31
"234767489",U134987879,policy,FAILED,2024-05-31
"234767489",U134987879,policy,FAILED,2024-05-31
"323421779",U172266112,policy,SUCCESS,2024-05-31
"382871661",U171341313,policy,SUCCESS,2024-05-31
"234767489",U053498999,policy,SUCCESS,2024-05-31
"234767489",U134987879,policy,FAILED,2024-05-31
"362531631",U242240042,policy,SUCCESS,2024-05-31
"356875464",U050039335,policy,SUCCESS,2024-05-31
"359638286",U196233008,policy,SUCCESS,2024-05-31
"378560641",U033068051,policy,SUCCESS,2024-05-31
"355501542",U242059851,policy,SUCCESS,2024-05-31
"2134889533",U242695516,policy,SUCCESS,2024-05-31
"234767489",U134987879,policy,FAILED,2024-05-31
"234767489",U134987879,policy,FAILED,2024-05-31
"360907278",U071102021,policy,SUCCESS,2024-05-31
"300927058",U235034799,policy,SUCCESS,2024-05-31
"319811458",U162396063,policy,SUCCESS,2024-05-31
"382314010",U216581012,policy,SUCCESS,2024-05-31
"2138254175",U171032813,policy,SUCCESS,2024-05-31
"354064170",U226259363,policy,SUCCESS,2024-05-31
"348926820",U163007364,policy,SUCCESS,2024-05-31
"51490603",U010350928,policy,SUCCESS,2024-05-31
"2130351498",U681009349,policy,SUCCESS,2024-05-31
"321620466",U241275199,policy,SUCCESS,2024-05-31
"382515769",U184410930,policy,SUCCESS,2024-05-31
"374812043",U203838862,policy,SUCCESS,2024-05-31
"2117759321",U064954626,policy,SUCCESS,2024-05-31
"247774151",U122709386,policy,SUCCESS,2024-05-31
"226399120",U050067514,policy,SUCCESS,2024-05-31
"226399120",U049818570,policy,SUCCESS,2024-05-31
"19843021",U010175598,policy,SUCCESS,2024-05-31
"325535698",U059894571,policy,SUCCESS,2024-05-31
"348000814",U229890321,policy,SUCCESS,2024-05-31
"245574768",U193594517,policy,SUCCESS,2024-05-31
"245574768",U193594517,policy,FAILED,2024-05-31
"245574768",U193594517,policy,FAILED,2024-05-31
"43794717",U183754529,policy,SUCCESS,2024-05-31
"348869879",U172852623,policy,SUCCESS,2024-05-31
"382735679",U131816862,policy,SUCCESS,2024-05-31
"12589281",U000971692,policy,SUCCESS,2024-05-31
"264288383",U193240052,policy,SUCCESS,2024-05-31
"324642290",U194267076,policy,SUCCESS,2024-05-31
"43794717",U229947863,policy,SUCCESS,2024-05-31
"362809956",U184411214,policy,SUCCESS,2024-05-31
"43794717",U004866541,policy,SUCCESS,2024-05-31
"290532768",U038817582,policy,SUCCESS,2024-05-31
"318427731",U224371832,policy,SUCCESS,2024-05-31
"43794717",U203416213,policy,SUCCESS,2024-05-31
"290274899",U126714607,policy,SUCCESS,2024-05-31
"364451386",U229293151,policy,SUCCESS,2024-05-31
"290275458",U104018558,policy,SUCCESS,2024-05-31
"328832316",U229370320,policy,SUCCESS,2024-05-31
"324758584",U218933833,policy,SUCCESS,2024-05-31
"234767489",U134987879,policy,FAILED,2024-05-31
"324758584",U214060768,policy,SUCCESS,2024-05-31
"37945611",U310010447,policy,SUCCESS,2024-05-31
"226760047",U996343509,policy,SUCCESS,2024-05-31
"2145134677",U196056939,policy,SUCCESS,2024-05-31
"7508064",U147133050,policy,SUCCESS,2024-05-31
"590686",U219723437,policy,SUCCESS,2024-05-31
"7276925",U200474025,policy,SUCCESS,2024-05-31
"7276925",U008428901,policy,SUCCESS,2024-05-31
"2059285078",U238307229,policy,SUCCESS,2024-05-31
"2137741351",U993799826,policy,FAILED,2024-05-31
"2137741351",U993799826,policy,FAILED,2024-05-31
"239947549",U213842479,policy,SUCCESS,2024-05-31
"327045098",U129240453,policy,SUCCESS,2024-05-31
"273955409",U046395054,policy,SUCCESS,2024-05-31
"318619947",U228933593,policy,SUCCESS,2024-05-31
"327045098",U129240453,policy,FAILED,2024-05-31
"327045098",U129240453,policy,FAILED,2024-05-31
"297478089",U172088222,policy,SUCCESS,2024-05-31
"373058602",U034015676,policy,SUCCESS,2024-05-31
"363133256",U230087958,policy,SUCCESS,2024-05-31
"367649719",U232685772,policy,SUCCESS,2024-05-31
"85722206",U146780776,policy,SUCCESS,2024-05-31
"370048273",U152811930,policy,SUCCESS,2024-05-31
"308621165",U123484707,policy,SUCCESS,2024-05-31
"331257227",U183620242,policy,SUCCESS,2024-05-31
"271531694",U154011712,policy,SUCCESS,2024-05-31
"372455576",U224834968,policy,SUCCESS,2024-05-31
"301885034",U160572038,policy,SUCCESS,2024-05-31
"312694700",U172183143,policy,SUCCESS,2024-05-31
"286620006",U242069252,policy,SUCCESS,2024-05-31
"377059849",U193999413,policy,SUCCESS,2024-05-31
"130767189",U235489742,policy,SUCCESS,2024-05-31
"320067699",U179177819,policy,SUCCESS,2024-05-31
"320067699",U179178038,policy,SUCCESS,2024-05-31
"328759637",U234628724,policy,SUCCESS,2024-05-31
"311454363",U234550096,policy,SUCCESS,2024-05-31
"237294436",U218962082,policy,SUCCESS,2024-05-31
"377012255",U225525962,policy,SUCCESS,2024-05-31
"366090538",U197039094,policy,SUCCESS,2024-05-31
"366090538",U197039094,policy,FAILED,2024-05-31
"12589281",U000971692,policy,SUCCESS,2024-05-31
"370413750",U193466182,policy,SUCCESS,2024-05-31
"247227433",U171941959,policy,SUCCESS,2024-05-31
,U187276016,policy,SUCCESS,2024-05-31
"378539508",U219795054,policy,SUCCESS,2024-05-31
"2141571078",U163061083,policy,SUCCESS,2024-05-31
"380231140",U219613945,policy,SUCCESS,2024-05-31
"300220281",U046395067,policy,SUCCESS,2024-05-31
"317704435",U213466473,policy,SUCCESS,2024-05-31
"239749060",U234385915,policy,SUCCESS,2024-05-31
"343805096",U230246605,policy,SUCCESS,2024-05-31
"298525542",U135474750,policy,SUCCESS,2024-05-31
"246436041",U234626195,policy,SUCCESS,2024-05-31
"306377945",U224791014,policy,SUCCESS,2024-05-31
"228902579",U213635822,policy,SUCCESS,2024-05-31
"2125095501",U216962466,policy,SUCCESS,2024-05-31
"378860396",U214051191,policy,SUCCESS,2024-05-31
"285187267",U224326751,policy,SUCCESS,2024-05-31
"285187267",U084497095,policy,SUCCESS,2024-05-31
"285187267",U084497095,policy,FAILED,2024-05-31
"285187267",U084497095,policy,FAILED,2024-05-31
"285187267",U084497095,policy,FAILED,2024-05-31
"285187267",U224326683,policy,SUCCESS,2024-05-31
"2112510611",U023848980,policy,SUCCESS,2024-05-31
"367602835",U171492385,policy,SUCCESS,2024-05-31
"320408470",U219209139,policy,SUCCESS,2024-05-31
,U192923244,policy,SUCCESS,2024-05-31
"362879511",U232684100,policy,SUCCESS,2024-05-31
"310808370",U193025264,policy,SUCCESS,2024-05-31
"362643169",U242237673,policy,SUCCESS,2024-06-01
"315189216",U242281658,policy,SUCCESS,2024-06-01
"370565873",U184183458,policy,SUCCESS,2024-06-01
,U229342471,policy,SUCCESS,2024-06-01
,U229342471,policy,FAILED,2024-06-01
"311368648",U193246661,policy,SUCCESS,2024-06-01
"380949753",U216577709,policy,FAILED,2024-06-01
"375014433",U185768827,policy,FAILED,2024-06-01
"375014433",U185768827,policy,FAILED,2024-06-01
"364750007",U061207062,policy,FAILED,2024-06-01
"364750007",U061207062,policy,FAILED,2024-06-01
"364750007",U061207062,policy,FAILED,2024-06-01
"364750007",U061207062,policy,FAILED,2024-06-01
"253367611",U063613081,policy,FAILED,2024-06-01
"375014433",U185768827,policy,FAILED,2024-06-01
"369259309",U149640680,policy,FAILED,2024-06-01
,U225039717,policy,SUCCESS,2024-06-01
"377328134",U205003792,policy,SUCCESS,2024-06-01
"268998587",U172082370,policy,SUCCESS,2024-06-01
"316417747",U152693844,policy,SUCCESS,2024-06-01
"293295019",U167484705,policy,SUCCESS,2024-06-01
"379901054",U037030768,policy,SUCCESS,2024-06-01
"383051433",U181029845,policy,FAILED,2024-06-01
"383051433",U181029845,policy,SUCCESS,2024-06-01
"380949753",U216577709,policy,FAILED,2024-06-01
"375014433",U185768827,policy,FAILED,2024-06-01
"364427149",U234995622,policy,SUCCESS,2024-06-01
"375014433",U185768827,policy,FAILED,2024-06-01
"300521577",U215791188,policy,SUCCESS,2024-06-01
"375014433",U185768827,policy,SUCCESS,2024-06-01
"377323401",U163760724,policy,SUCCESS,2024-06-01
"367965325",U153665460,policy,SUCCESS,2024-06-01
"175534467",U242319588,policy,SUCCESS,2024-06-01
"297208325",U213303947,policy,SUCCESS,2024-06-01
"338799481",U193119028,policy,SUCCESS,2024-06-01
"338799481",U193119028,policy,FAILED,2024-06-01
"2121270560",U108855571,policy,SUCCESS,2024-06-01
"301840435",U109768735,policy,SUCCESS,2024-06-01
"380949753",U216577709,policy,FAILED,2024-06-01
"333178456",U196538363,policy,SUCCESS,2024-06-01
"333178456",U196538363,policy,FAILED,2024-06-01
"333178456",U196538363,policy,FAILED,2024-06-01
"323241959",U219014081,policy,SUCCESS,2024-06-01
"375048102",U221883349,policy,SUCCESS,2024-06-01
"338341406",U213440774,policy,SUCCESS,2024-06-01
"2125206437",U066928650,policy,SUCCESS,2024-06-01
"330948452",U214613652,policy,FAILED,2024-06-01
"330948452",U214613652,policy,FAILED,2024-06-01
"374336400",U230078705,policy,SUCCESS,2024-06-01
"374336400",U230078705,policy,FAILED,2024-06-01
"236523045",U219240318,policy,SUCCESS,2024-06-01
"336493039",U193294406,policy,SUCCESS,2024-06-01
"364361551",U239426785,policy,FAILED,2024-06-01
"377860205",U205691942,policy,SUCCESS,2024-06-01
"364361551",U239426785,policy,SUCCESS,2024-06-01
"323539469",U242680123,policy,SUCCESS,2024-06-01
"381585774",U102711161,policy,FAILED,2024-06-01
"381585774",U102711161,policy,FAILED,2024-06-01
"348628759",U133897850,policy,SUCCESS,2024-06-01
"325752981",U204781772,policy,SUCCESS,2024-06-01
"319074785",U071657660,policy,SUCCESS,2024-06-01
"378982270",U183935199,policy,SUCCESS,2024-06-01
"325752981",U228828213,policy,SUCCESS,2024-06-01
"370244477",U219620093,policy,SUCCESS,2024-06-01
"233681494",U174356198,policy,SUCCESS,2024-06-01
"362317134",U172598767,policy,SUCCESS,2024-06-01
"344300972",U204444983,policy,SUCCESS,2024-06-01
"51863449",U020062329,policy,SUCCESS,2024-06-01
"344021923",U161742809,policy,SUCCESS,2024-06-01
"378503808",U235167116,policy,SUCCESS,2024-06-01
"329140997",U229366457,policy,SUCCESS,2024-06-01
"378503808",U235166955,policy,SUCCESS,2024-06-01
"243254413",U090934610,policy,SUCCESS,2024-06-01
"378569916",U192585213,policy,SUCCESS,2024-06-01
"378953579",U172901163,policy,SUCCESS,2024-06-01
"321052366",U224682055,policy,SUCCESS,2024-06-01
"69776553",U016757554,policy,SUCCESS,2024-06-01
"351976320",U005646883,policy,SUCCESS,2024-06-01
"280611945",U219116947,policy,SUCCESS,2024-06-01
"313224328",U203982666,policy,SUCCESS,2024-06-01
"296770478",U084897598,policy,SUCCESS,2024-06-01
"285365980",U025686739,policy,SUCCESS,2024-06-01
"340646609",U235159784,policy,SUCCESS,2024-06-01
"364900400",U241458945,policy,SUCCESS,2024-06-01
"2052757996",U154404866,policy,SUCCESS,2024-06-01
"187563367",U137003190,policy,SUCCESS,2024-06-01
"314985149",U224604282,policy,SUCCESS,2024-06-01
"324458053",U213143903,policy,SUCCESS,2024-06-01
"369186375",U219906432,policy,SUCCESS,2024-06-01
"364239904",U226299569,policy,SUCCESS,2024-06-01
"329238214",U229193918,policy,SUCCESS,2024-06-01
"331534236",U234736205,policy,SUCCESS,2024-06-01
"266881863",U066458638,policy,SUCCESS,2024-06-01
"266881863",U066458638,policy,SUCCESS,2024-06-01
"378496571",U229909720,policy,SUCCESS,2024-06-01
"382022641",U115034343,policy,SUCCESS,2024-06-01
"2144276598",U166456608,policy,SUCCESS,2024-06-01
,U204778167,policy,SUCCESS,2024-06-01
"383202226",U150298432,policy,SUCCESS,2024-06-01
"376424020",U193628603,policy,SUCCESS,2024-06-01
"328076736",U213672209,policy,SUCCESS,2024-06-01
"366106831",U184053083,policy,FAILED,2024-06-01
"3725331",U204177962,policy,SUCCESS,2024-06-01
"367740278",U225430303,policy,SUCCESS,2024-06-01
"352417240",U172350756,policy,SUCCESS,2024-06-01
"309448686",U162143151,policy,SUCCESS,2024-06-01
"309448686",U162143151,policy,FAILED,2024-06-01
"383502533",U034592966,policy,SUCCESS,2024-06-01
"302769140",U241077517,policy,FAILED,2024-06-01
"302769140",U241077517,policy,FAILED,2024-06-01
"342303728",U219597207,policy,SUCCESS,2024-06-01
"271387202",U183106148,policy,SUCCESS,2024-06-01
"313190366",U219166557,policy,SUCCESS,2024-06-01
"37695514",U005265468,policy,SUCCESS,2024-06-01
"332344405",U234180152,policy,SUCCESS,2024-06-01
"81036370",U219247159,policy,SUCCESS,2024-06-01
"376810810",U220227825,policy,SUCCESS,2024-06-01
"369138244",U229636844,policy,SUCCESS,2024-06-01
"290606258",U224554581,policy,SUCCESS,2024-06-01
"383989769",U203646818,policy,SUCCESS,2024-06-01
"382472330",U205175387,policy,SUCCESS,2024-06-01
"367959016",U233156381,policy,SUCCESS,2024-06-01
"363969615",U213586502,policy,SUCCESS,2024-06-01
"367959016",U213951056,policy,SUCCESS,2024-06-01
"2112510611",U023848980,policy,FAILED,2024-06-01
"315610569",U198120863,policy,SUCCESS,2024-06-01
"329813705",U133950564,policy,SUCCESS,2024-06-01
"259654359",U219464291,policy,SUCCESS,2024-06-01
"375049538",U164873953,policy,FAILED,2024-06-01
"368141582",U213947031,policy,SUCCESS,2024-06-01
"375049538",U164873953,policy,FAILED,2024-06-01
"2139087857",U163417967,policy,SUCCESS,2024-06-01
"260228608",U218457924,policy,SUCCESS,2024-06-01
"2143609304",U162594577,policy,SUCCESS,2024-06-01
"2045653531",U201859458,policy,SUCCESS,2024-06-01
"40511669",U030067819,policy,SUCCESS,2024-06-01
,U100937044,policy,SUCCESS,2024-06-01
"368466614",U020062798,policy,SUCCESS,2024-06-01
"382406670",U184424463,policy,SUCCESS,2024-06-01
"345152543",U205220517,policy,SUCCESS,2024-06-01
"321947640",U196525059,policy,SUCCESS,2024-06-01
"112707024",U670128260,policy,SUCCESS,2024-06-01
"112707024",U670128215,policy,SUCCESS,2024-06-01
"238990557",U174356428,policy,SUCCESS,2024-06-01
"383626998",U171837843,policy,SUCCESS,2024-06-02
"374660794",U163761325,policy,FAILED,2024-06-02
"378194813",U184906415,policy,SUCCESS,2024-06-02
"363509785",U242648576,policy,SUCCESS,2024-06-02
"373899739",U243452046,policy,SUCCESS,2024-06-02
"373899739",U243452046,policy,FAILED,2024-06-02
"373899739",U243452046,policy,FAILED,2024-06-02
"375357103",U173624656,policy,SUCCESS,2024-06-02
"329657664",U193414422,policy,SUCCESS,2024-06-02
"348823581",U186812633,policy,SUCCESS,2024-06-02
"28860020",U330018885,policy,SUCCESS,2024-06-02
"326467590",U039937526,policy,SUCCESS,2024-06-02
"382860599",U235494193,policy,FAILED,2024-06-02
"382860599",U235494193,policy,FAILED,2024-06-02
"377504031",U214359615,policy,SUCCESS,2024-06-02
"378029148",U184086678,policy,SUCCESS,2024-06-02
"382860599",U235494193,policy,SUCCESS,2024-06-02
,U173852020,policy,SUCCESS,2024-06-02
,U173852020,policy,FAILED,2024-06-02
,U173852020,policy,FAILED,2024-06-02
"374864408",U203843310,policy,FAILED,2024-06-02
"374864408",U203843310,policy,FAILED,2024-06-02
"108854800",U002457871,policy,SUCCESS,2024-06-02
"296591833",U152400558,policy,SUCCESS,2024-06-02
"361670328",U240927613,policy,SUCCESS,2024-06-02
"344317055",U229883532,policy,SUCCESS,2024-06-02
"172262282",U673116156,policy,SUCCESS,2024-06-02
"333241659",U225005152,policy,SUCCESS,2024-06-02
"136558969",U020661487,policy,SUCCESS,2024-06-02
"314263557",U163625720,policy,SUCCESS,2024-06-02
"320499085",U232673865,policy,SUCCESS,2024-06-02
"304168121",U241337257,policy,SUCCESS,2024-06-02
"374499574",U169870087,policy,SUCCESS,2024-06-02
"374506481",U169871604,policy,FAILED,2024-06-02
"374506481",U169871604,policy,FAILED,2024-06-02
"374506481",U169871604,policy,FAILED,2024-06-02
"374506481",U169871604,policy,FAILED,2024-06-02
"374506481",U169871604,policy,SUCCESS,2024-06-02
,U222886523,policy,SUCCESS,2024-06-02
"361468730",U234448250,policy,SUCCESS,2024-06-02
"2119148095",U095869560,policy,SUCCESS,2024-06-02
"340890354",U235692801,policy,SUCCESS,2024-06-02
"373762169",U171618402,policy,SUCCESS,2024-06-02
"2046268987",U116316701,policy,SUCCESS,2024-06-02
"376767905",U204995296,policy,FAILED,2024-06-02
"376767905",U204995296,policy,FAILED,2024-06-02
"376767905",U204995296,policy,FAILED,2024-06-02
"375103597",U227151428,policy,SUCCESS,2024-06-02
"375003781",U242922328,policy,SUCCESS,2024-06-02
"380535277",U064066624,policy,SUCCESS,2024-06-02
"355656273",U214994915,policy,SUCCESS,2024-06-02
"327753825",U201076914,policy,SUCCESS,2024-06-02
"352684967",U228188775,policy,SUCCESS,2024-06-02
"327753825",U192913924,policy,SUCCESS,2024-06-02
"257446064",U241414510,policy,SUCCESS,2024-06-02
"308244948",U213155506,policy,SUCCESS,2024-06-02
"353479704",U214642487,policy,SUCCESS,2024-06-02
"365688406",U247090608,policy,SUCCESS,2024-06-02
"353479704",U162787601,policy,SUCCESS,2024-06-02
"310894382",U172219635,policy,SUCCESS,2024-06-02
"61765319",U149556884,policy,SUCCESS,2024-06-02
"61765319",U030705142,policy,SUCCESS,2024-06-02
"362711488",U242241313,policy,SUCCESS,2024-06-02
"111951",U996344346,policy,SUCCESS,2024-06-02
"111951",U025692095,policy,SUCCESS,2024-06-02
"229405844",U154697369,policy,SUCCESS,2024-06-02
"367984111",U214184482,policy,SUCCESS,2024-06-02
"378176323",U193871670,policy,SUCCESS,2024-06-02
"382485684",U205174304,policy,SUCCESS,2024-06-02
"328951253",U234470215,policy,SUCCESS,2024-06-02
"384238437",U181187981,policy,SUCCESS,2024-06-02
"344604401",U194222927,policy,SUCCESS,2024-06-02
"367999405",U233150879,policy,SUCCESS,2024-06-02
"313525762",U203978560,policy,SUCCESS,2024-06-02
"326155758",U220590099,policy,SUCCESS,2024-06-02
"377833432",U230798292,policy,SUCCESS,2024-06-02
"363737506",U242256269,policy,FAILED,2024-06-02
"363737506",U242256269,policy,FAILED,2024-06-02
"298421475",U242466648,policy,SUCCESS,2024-06-02
"363737506",U242256269,policy,FAILED,2024-06-02
"315583814",U222861548,policy,SUCCESS,2024-06-02
"361662060",U193410523,policy,SUCCESS,2024-06-02
"377014772",U214364626,policy,SUCCESS,2024-06-02
"311374751",U213468112,policy,SUCCESS,2024-06-02
"362578234",U242243560,policy,SUCCESS,2024-06-02
"332855983",U204063908,policy,SUCCESS,2024-06-02
"381584553",U104666683,policy,SUCCESS,2024-06-02
"381435374",U171672189,policy,FAILED,2024-06-02
"8720890",U000318983,policy,SUCCESS,2024-06-02
"297324766",U183051468,policy,SUCCESS,2024-06-02
"383730390",U193775190,policy,FAILED,2024-06-02
"375612558",U174736721,policy,FAILED,2024-06-02
"375612558",U174736721,policy,FAILED,2024-06-02
"375612558",U174736721,policy,FAILED,2024-06-02
"29278220",U203987506,policy,SUCCESS,2024-06-02
"364247712",U208035369,policy,SUCCESS,2024-06-02
"39198390",U181039589,policy,SUCCESS,2024-06-02
"380749944",U242108443,policy,SUCCESS,2024-06-02
"309082624",U162363287,policy,SUCCESS,2024-06-02
"309082624",U219169787,policy,SUCCESS,2024-06-02
"364999271",U216914618,policy,SUCCESS,2024-06-02
"375590348",U228871150,policy,FAILED,2024-06-02
"263975462",U234266746,policy,SUCCESS,2024-06-02
"364750007",U061207062,policy,FAILED,2024-06-02
"292236060",U219130457,policy,SUCCESS,2024-06-02
"367265584",U223375787,policy,SUCCESS,2024-06-02
"349555731",U235176181,policy,SUCCESS,2024-06-02
"254467965",U234584664,policy,SUCCESS,2024-06-02
"3884715",U249763739,policy,SUCCESS,2024-06-02
"375249815",U213205155,policy,SUCCESS,2024-06-02
"333527773",U216889976,policy,FAILED,2024-06-02
"333527773",U216889976,policy,FAILED,2024-06-02
"342688863",U220462981,policy,SUCCESS,2024-06-02
"342688863",U220462981,policy,FAILED,2024-06-02
"345003092",U161639352,policy,SUCCESS,2024-06-02
"263559929",U172088947,policy,SUCCESS,2024-06-02
"378018599",U044420277,policy,FAILED,2024-06-02
"263559929",U213390387,policy,SUCCESS,2024-06-02
"263559929",U002610359,policy,SUCCESS,2024-06-02
"378636274",U243936915,policy,SUCCESS,2024-06-02
"382825253",U199261006,policy,SUCCESS,2024-06-02
"363519654",U242796596,policy,FAILED,2024-06-02
"363519654",U242796596,policy,FAILED,2024-06-02
"363519654",U242796596,policy,FAILED,2024-06-02
"338109446",U076029468,policy,SUCCESS,2024-06-02
"309708287",U224627421,policy,SUCCESS,2024-06-02
"340890354",U214202720,policy,SUCCESS,2024-06-02
"382295445",U193796603,policy,SUCCESS,2024-06-02
"375612558",U174736721,policy,FAILED,2024-06-02
"258790456",U091180340,policy,SUCCESS,2024-06-02
"333696147",U229419346,policy,SUCCESS,2024-06-02
"246965998",U152855394,policy,SUCCESS,2024-06-02
"357847374",U204147620,policy,SUCCESS,2024-06-02
"31928201",U100036000,policy,SUCCESS,2024-06-02
"297219059",U152415912,policy,SUCCESS,2024-06-02
"352886707",U229602690,policy,SUCCESS,2024-06-03
"250058468",U133096994,policy,SUCCESS,2024-06-03
"250058468",U193204577,policy,SUCCESS,2024-06-03
"245574768",U193594517,policy,SUCCESS,2024-06-03
"245574768",U193594517,policy,FAILED,2024-06-03
"245574768",U193594517,policy,FAILED,2024-06-03
"9382969",U030261327,policy,SUCCESS,2024-06-03
"259118963",U172717904,policy,SUCCESS,2024-06-03
"2099920094",U226172136,policy,SUCCESS,2024-06-03
"362809956",U184411214,policy,SUCCESS,2024-06-03
"229188651",U234511941,policy,SUCCESS,2024-06-03
"2067340262",U242665533,policy,SUCCESS,2024-06-03
"375590348",U228871150,policy,FAILED,2024-06-03
"378237185",U114607014,policy,SUCCESS,2024-06-03
"375902017",U185770446,policy,SUCCESS,2024-06-03
"381311722",U186452996,policy,SUCCESS,2024-06-03
"250960619",U242075220,policy,SUCCESS,2024-06-03
"374862776",U203842845,policy,SUCCESS,2024-06-03
"383291060",U153373480,policy,SUCCESS,2024-06-03
"325348021",U214617784,policy,SUCCESS,2024-06-03
"333527773",U216889976,policy,FAILED,2024-06-03
"310121668",U234225392,policy,SUCCESS,2024-06-03
"226853565",U185336220,policy,SUCCESS,2024-06-03
"13940656",U229987551,policy,SUCCESS,2024-06-03
"244460172",U183843427,policy,SUCCESS,2024-06-03
"307021919",U204275398,policy,SUCCESS,2024-06-03
"267129535",U123330110,policy,SUCCESS,2024-06-03
"384293025",U181068576,policy,SUCCESS,2024-06-03
"290490644",U161985682,policy,FAILED,2024-06-03
"254309814",U193999280,policy,SUCCESS,2024-06-03
"374862776",U203842845,policy,FAILED,2024-06-03
"378224381",U204864259,policy,SUCCESS,2024-06-03
"6230621",U230000883,policy,SUCCESS,2024-06-03
"156788559",U130368612,policy,SUCCESS,2024-06-03
"324357969",U172258793,policy,SUCCESS,2024-06-03
"6230621",U230068045,policy,SUCCESS,2024-06-03
"24587570",U210007712,policy,SUCCESS,2024-06-03
"101335784",U006443373,policy,SUCCESS,2024-06-03
"245486423",U224365288,policy,SUCCESS,2024-06-03
"346879856",U214736005,policy,SUCCESS,2024-06-03
"382938555",U181029191,policy,SUCCESS,2024-06-03
"244182081",U228607191,policy,SUCCESS,2024-06-03
"244182081",U203905067,policy,SUCCESS,2024-06-03
"367721820",U229855764,policy,SUCCESS,2024-06-03
"285742714",U183128744,policy,FAILED,2024-06-03
"2126912230",U190321330,policy,SUCCESS,2024-06-03
"274043291",U071894384,policy,SUCCESS,2024-06-03
"1614431",U179770054,policy,SUCCESS,2024-06-03
"104168826",U029456457,policy,SUCCESS,2024-06-03
"83277159",U007760149,policy,SUCCESS,2024-06-03
"343582744",U219589503,policy,FAILED,2024-06-03
"343582744",U219589503,policy,FAILED,2024-06-03
"133968370",U033155074,policy,SUCCESS,2024-06-03
"133968370",U241730249,policy,SUCCESS,2024-06-03
"382608867",U126631599,policy,FAILED,2024-06-03
"194654870",U159149854,policy,SUCCESS,2024-06-03
"382608867",U126631599,policy,FAILED,2024-06-03
"314667922",U229026849,policy,SUCCESS,2024-06-03
"356502461",U183372079,policy,SUCCESS,2024-06-03
"382608867",U126631599,policy,FAILED,2024-06-03
"47087556",U000904326,policy,SUCCESS,2024-06-03
"264207991",U090773965,policy,SUCCESS,2024-06-03
"51490603",U010350928,policy,SUCCESS,2024-06-03
"382608867",U126631599,policy,FAILED,2024-06-03
"363424271",U247093045,policy,SUCCESS,2024-06-03
"320568525",U172443401,policy,FAILED,2024-06-03
"320568525",U172443401,policy,SUCCESS,2024-06-03
"160516900",U154434687,policy,SUCCESS,2024-06-03
"372033004",U099543303,policy,SUCCESS,2024-06-03
"46014032",U001333598,policy,SUCCESS,2024-06-03
"241730744",U215040570,policy,SUCCESS,2024-06-03
"241730744",U083354472,policy,SUCCESS,2024-06-03
"382608867",U126631599,policy,SUCCESS,2024-06-03
"382834161",U230298750,policy,SUCCESS,2024-06-03
"371831940",U229977383,policy,SUCCESS,2024-06-03
"363584287",U242666684,policy,SUCCESS,2024-06-03
"351171901",U199254929,policy,SUCCESS,2024-06-03
"2135676897",U172803261,policy,SUCCESS,2024-06-03
"342594683",U162774287,policy,SUCCESS,2024-06-03
"338119744",U162458037,policy,SUCCESS,2024-06-03
"314489160",U229015504,policy,SUCCESS,2024-06-03
"7276925",U200474025,policy,SUCCESS,2024-06-03
"379418280",U202857048,policy,SUCCESS,2024-06-03
"7276925",U008428901,policy,SUCCESS,2024-06-03
"335489017",U213887609,policy,SUCCESS,2024-06-03
"376745453",U230113055,policy,SUCCESS,2024-06-03
"376745453",U230113055,policy,SUCCESS,2024-06-03
"379277142",U170422770,policy,SUCCESS,2024-06-03
"331949081",U172577160,policy,SUCCESS,2024-06-03
"375612558",U174736721,policy,FAILED,2024-06-03
"375199385",U185773100,policy,SUCCESS,2024-06-03
"379375187",U161192378,policy,SUCCESS,2024-06-03
"368433380",U163094322,policy,SUCCESS,2024-06-03
"306377141",U224418326,policy,SUCCESS,2024-06-03
"306377141",U192801382,policy,SUCCESS,2024-06-03
"305240293",U172110394,policy,SUCCESS,2024-06-03
"383052841",U184416303,policy,FAILED,2024-06-03
"383052841",U184416303,policy,FAILED,2024-06-03
"357550638",U213908517,policy,SUCCESS,2024-06-03
"307469146",U171999794,policy,SUCCESS,2024-06-03
"226673008",U185342052,policy,SUCCESS,2024-06-03
"351629617",U235693842,policy,SUCCESS,2024-06-03
"65056789",U019104201,policy,SUCCESS,2024-06-03
"335347630",U184033867,policy,SUCCESS,2024-06-03
"2109064057",U118658962,policy,SUCCESS,2024-06-03
"367256760",U204826909,policy,SUCCESS,2024-06-03
"374696524",U184658365,policy,SUCCESS,2024-06-03
"367501666",U173018673,policy,SUCCESS,2024-06-03
"330043263",U172627489,policy,SUCCESS,2024-06-03
"330043263",U172627489,policy,FAILED,2024-06-03
"367492120",U186794609,policy,SUCCESS,2024-06-03
"252153611",U132006888,policy,SUCCESS,2024-06-03
"351877892",U235702649,policy,SUCCESS,2024-06-03
"356974817",U113860784,policy,SUCCESS,2024-06-03
,U000971692,policy,FAILED,2024-06-03
"173417632",U122480757,policy,FAILED,2024-06-03
"383880370",U181538242,policy,SUCCESS,2024-06-03
"367636111",U218465657,policy,SUCCESS,2024-06-03
"316972675",U242286420,policy,SUCCESS,2024-06-03
,U000971692,policy,FAILED,2024-06-03
"173417632",U122480757,policy,SUCCESS,2024-06-03
"154122720",U159356142,policy,SUCCESS,2024-06-03
"374025713",U243456000,policy,SUCCESS,2024-06-03
"382245299",U184027491,policy,SUCCESS,2024-06-03
"259915948",U153105768,policy,SUCCESS,2024-06-03
"376347512",U162947470,policy,FAILED,2024-06-03
"375612558",U174736721,policy,FAILED,2024-06-03
"376347512",U162947470,policy,FAILED,2024-06-03
"376347512",U162947470,policy,SUCCESS,2024-06-03
"376347512",U162947470,policy,SUCCESS,2024-06-03
"382960903",U144316511,policy,SUCCESS,2024-06-03
"274371592",U181776224,policy,FAILED,2024-06-03
"367746841",U225431687,policy,SUCCESS,2024-06-03
"5593431",U200101741,policy,SUCCESS,2024-06-03
"384119228",U181554831,policy,SUCCESS,2024-06-03
"284519982",U242769963,policy,SUCCESS,2024-06-03
"8119337",U201281275,policy,SUCCESS,2024-06-03
"314122953",U241199246,policy,SUCCESS,2024-06-03
"225234251",U229031148,policy,SUCCESS,2024-06-03
"194401225",U229045639,policy,SUCCESS,2024-06-03
"356827762",U193698015,policy,FAILED,2024-06-03
"356827762",U193698015,policy,FAILED,2024-06-03
"356827762",U069347160,policy,FAILED,2024-06-03
"2117973538",U039298964,policy,SUCCESS,2024-06-03
"274371592",U181776224,policy,SUCCESS,2024-06-03
"1773543",U200130893,policy,SUCCESS,2024-06-03
"369652290",U225069978,policy,SUCCESS,2024-06-03
"227587308",U201410651,policy,SUCCESS,2024-06-03
"13889867",U260023791,policy,SUCCESS,2024-06-03
"280818829",U219059017,policy,SUCCESS,2024-06-03
"353647802",U238880937,policy,SUCCESS,2024-06-03
"379312904",U191228270,policy,SUCCESS,2024-06-03
"13438292",U260001522,policy,SUCCESS,2024-06-03
"48306870",U018505115,policy,SUCCESS,2024-06-03
"21190698",U260000439,policy,SUCCESS,2024-06-03
"48306870",U194561206,policy,SUCCESS,2024-06-03
"45161854",U006445407,policy,SUCCESS,2024-06-03
"375395927",U224446042,policy,SUCCESS,2024-06-03
"247027343",U006440800,policy,SUCCESS,2024-06-03
"170192741",U170481012,policy,SUCCESS,2024-06-03
"11406297",U140005538,policy,SUCCESS,2024-06-03
"23362248",U260001496,policy,SUCCESS,2024-06-03
"43794717",U162140426,policy,SUCCESS,2024-06-03
"359604115",U224487768,policy,SUCCESS,2024-06-03
"230126088",U193476923,policy,SUCCESS,2024-06-03
"40805621",U260076670,policy,SUCCESS,2024-06-03
"158533418",U170480990,policy,SUCCESS,2024-06-03
"2144887529",U160037968,policy,SUCCESS,2024-06-03
"45944637",U010142806,policy,SUCCESS,2024-06-03
"247419902",U164500501,policy,SUCCESS,2024-06-03
"92661488",U013825971,policy,SUCCESS,2024-06-03
"43794717",U229947863,policy,SUCCESS,2024-06-03
"2091658672",U260023801,policy,SUCCESS,2024-06-03
"38080863",U060173715,policy,SUCCESS,2024-06-03
"126116977",U132067953,policy,SUCCESS,2024-06-03
"43794717",U203416213,policy,SUCCESS,2024-06-03
"17332491",U260023830,policy,SUCCESS,2024-06-03
"43794717",U004866541,policy,SUCCESS,2024-06-03
"43794717",U183754529,policy,SUCCESS,2024-06-03
"362507944",U242240026,policy,SUCCESS,2024-06-03
"255696230",U006434366,policy,SUCCESS,2024-06-03
"342854985",U242105954,policy,SUCCESS,2024-06-03
"342854985",U242105954,policy,FAILED,2024-06-03
"70577121",U013829951,policy,SUCCESS,2024-06-03
"232893115",U163253972,policy,SUCCESS,2024-06-03
"2132411631",U055192222,policy,SUCCESS,2024-06-03
"14540987",U157273706,policy,SUCCESS,2024-06-03
"183545833",U673230485,policy,SUCCESS,2024-06-03
"230468797",U120734447,policy,SUCCESS,2024-06-03
"327174381",U215896562,policy,SUCCESS,2024-06-03
"2145134677",U196056939,policy,SUCCESS,2024-06-03
,U226303507,policy,SUCCESS,2024-06-03
"2134883625",U232611050,policy,SUCCESS,2024-06-03
"349081904",U225565391,policy,SUCCESS,2024-06-03
"349081904",U235287261,policy,SUCCESS,2024-06-03
"349081904",U231664024,policy,SUCCESS,2024-06-03
"227507584",U050770128,policy,SUCCESS,2024-06-03
"289967896",U205511873,policy,SUCCESS,2024-06-03
"270127399",U222899840,policy,SUCCESS,2024-06-03
"289967896",U224788836,policy,SUCCESS,2024-06-03
"289967896",U011215923,policy,SUCCESS,2024-06-03
"382441251",U205176755,policy,SUCCESS,2024-06-03
"359883796",U242667175,policy,SUCCESS,2024-06-03
"377782790",U193996623,policy,SUCCESS,2024-06-03
"377782790",U116503433,policy,SUCCESS,2024-06-03
"379689585",U219046172,policy,SUCCESS,2024-06-03
"234767489",U134987879,policy,FAILED,2024-06-03
"363519654",U242796596,policy,FAILED,2024-06-03
"316840792",U229853313,policy,SUCCESS,2024-06-03
"294343823",U065023705,policy,SUCCESS,2024-06-03
"316840792",U191217456,policy,SUCCESS,2024-06-03
"316840792",U099408561,policy,SUCCESS,2024-06-03
"383350556",U203617562,policy,SUCCESS,2024-06-03
"234772045",U163265261,policy,SUCCESS,2024-06-03
"234772045",U214037623,policy,SUCCESS,2024-06-03
"363735650",U242671006,policy,SUCCESS,2024-06-03
"363519654",U242796596,policy,FAILED,2024-06-03
"347440169",U226001689,policy,FAILED,2024-06-03
"363519654",U242796596,policy,FAILED,2024-06-03
"285124217",U219065881,policy,SUCCESS,2024-06-03
"363519654",U242796596,policy,FAILED,2024-06-03
"12589281",U000971692,policy,SUCCESS,2024-06-03
"355136364",U226265797,policy,SUCCESS,2024-06-03
"363519654",U242796596,policy,FAILED,2024-06-03
"383485999",U181558426,policy,SUCCESS,2024-06-03
"3996092",U003206144,policy,SUCCESS,2024-06-03
"377415717",U163328742,policy,SUCCESS,2024-06-03
"380917417",U080351559,policy,FAILED,2024-06-03
"380917417",U080351559,policy,FAILED,2024-06-03
"318383994",U144344062,policy,SUCCESS,2024-06-03
"378236834",U204869380,policy,SUCCESS,2024-06-03
"234016365",U027289121,policy,SUCCESS,2024-06-03
"318457103",U144284180,policy,SUCCESS,2024-06-03
"371954867",U219904421,policy,SUCCESS,2024-06-03
"336142186",U193305146,policy,SUCCESS,2024-06-03
"378571535",U161940517,policy,SUCCESS,2024-06-03
"246443227",U133391602,policy,SUCCESS,2024-06-03
"346853650",U103111045,policy,SUCCESS,2024-06-03
"331708608",U065110650,policy,SUCCESS,2024-06-03
"304712711",U234074129,policy,FAILED,2024-06-03
"304712711",U234074129,policy,FAILED,2024-06-03
"304712711",U234074129,policy,FAILED,2024-06-03
"363035743",U226707705,policy,SUCCESS,2024-06-03
"2142716812",U183879556,policy,SUCCESS,2024-06-03
"376215536",U234147690,policy,SUCCESS,2024-06-03
"2142716812",U115127056,policy,SUCCESS,2024-06-03
"383326373",U171821529,policy,FAILED,2024-06-03
"284128843",U152446923,policy,SUCCESS,2024-06-03
"347463645",U244300896,policy,SUCCESS,2024-06-03
"371494792",U204470067,policy,SUCCESS,2024-06-03
"326551770",U172361868,policy,SUCCESS,2024-06-03
"373964356",U677680688,policy,SUCCESS,2024-06-03
"287727135",U219535337,policy,SUCCESS,2024-06-03
"363519654",U242796596,policy,FAILED,2024-06-03
"333423026",U213744959,policy,SUCCESS,2024-06-03
"380560224",U204652966,policy,SUCCESS,2024-06-03
"256557208",U162069264,policy,SUCCESS,2024-06-03
"256557208",U224356462,policy,SUCCESS,2024-06-03
"377489138",U214352324,policy,SUCCESS,2024-06-03
"330399607",U172577018,policy,SUCCESS,2024-06-03
"277701088",U241145805,policy,SUCCESS,2024-06-03
"380231551",U052563524,policy,SUCCESS,2024-06-03
"325713384",U228819031,policy,SUCCESS,2024-06-03
"374955490",U203849042,policy,SUCCESS,2024-06-03
"383676153",U161967273,policy,SUCCESS,2024-06-03
"69572979",U013712039,policy,SUCCESS,2024-06-03
"372054193",U183604255,policy,SUCCESS,2024-06-03
"2128525513",U680707299,policy,SUCCESS,2024-06-03
"354407982",U173484304,policy,SUCCESS,2024-06-03
"277701088",U241145805,policy,FAILED,2024-06-03
"322879935",U204163028,policy,SUCCESS,2024-06-03
"384399057",U192276140,policy,SUCCESS,2024-06-03
"274728299",U108926594,policy,SUCCESS,2024-06-03
"292149898",U162283192,policy,SUCCESS,2024-06-03
"292149898",U162283192,policy,FAILED,2024-06-03
"381242424",U196232371,policy,SUCCESS,2024-06-03
"353542466",U214987207,policy,SUCCESS,2024-06-03
,U232343289,policy,SUCCESS,2024-06-03
"377297780",U163339605,policy,SUCCESS,2024-06-03
"268311654",U068461403,policy,SUCCESS,2024-06-03
"381237701",U143111597,policy,SUCCESS,2024-06-03
"363142007",U034424966,policy,SUCCESS,2024-06-03
"246501248",U072251492,policy,SUCCESS,2024-06-03
"246501248",U072251492,policy,SUCCESS,2024-06-03
"382321858",U120867602,policy,SUCCESS,2024-06-03
"333755736",U219530824,policy,SUCCESS,2024-06-03
"261735046",U124652198,policy,SUCCESS,2024-06-03
"96465536",U105889375,policy,SUCCESS,2024-06-03
"370863878",U183447056,policy,SUCCESS,2024-06-03
"284128843",U213263744,policy,SUCCESS,2024-06-03
"284128843",U213263744,policy,FAILED,2024-06-03
"4157292",U088932789,policy,SUCCESS,2024-06-03
"347218359",U183445113,policy,SUCCESS,2024-06-03
"327729811",U242687540,policy,SUCCESS,2024-06-03
"369477747",U183996510,policy,SUCCESS,2024-06-03
"357882478",U219911906,policy,FAILED,2024-06-03
"128916706",U219457842,policy,SUCCESS,2024-06-03
"357882478",U219911906,policy,FAILED,2024-06-03
"128916706",U097606679,policy,SUCCESS,2024-06-03
"320067699",U179177819,policy,SUCCESS,2024-06-03
"320067699",U179178038,policy,SUCCESS,2024-06-03
"299202701",U209146668,policy,SUCCESS,2024-06-03
"243974515",U198136954,policy,SUCCESS,2024-06-03
"303748601",U219439307,policy,SUCCESS,2024-06-03
"263628526",U239464116,policy,SUCCESS,2024-06-03
"23713390",U300131925,policy,SUCCESS,2024-06-03
"341292786",U161864936,policy,SUCCESS,2024-06-03
"246560683",U162274664,policy,SUCCESS,2024-06-03
"359824454",U228752693,policy,FAILED,2024-06-03
"359824454",U228752693,policy,SUCCESS,2024-06-03
"288741802",U162369566,policy,SUCCESS,2024-06-03
"289726655",U213387743,policy,SUCCESS,2024-06-03
"243889758",U026210641,policy,SUCCESS,2024-06-03
"243889758",U028405713,policy,SUCCESS,2024-06-03
"268998587",U172082370,policy,SUCCESS,2024-06-03
"290490644",U161985682,policy,SUCCESS,2024-06-04
"378190918",U193872750,policy,SUCCESS,2024-06-04
"2137741351",U993799826,policy,FAILED,2024-06-04
"187321398",U162299746,policy,SUCCESS,2024-06-04
"2137741351",U993799826,policy,FAILED,2024-06-04
"378865588",U214055320,policy,FAILED,2024-06-04
"378865588",U214055320,policy,FAILED,2024-06-04
"335698686",U222866831,policy,SUCCESS,2024-06-04
"2137970067",U225558104,policy,SUCCESS,2024-06-04
"378273688",U214212176,policy,SUCCESS,2024-06-04
"325388205",U094851786,policy,FAILED,2024-06-04
"353617739",U083052651,policy,SUCCESS,2024-06-04
"238402368",U205558959,policy,SUCCESS,2024-06-04
"2060711827",U156878005,policy,SUCCESS,2024-06-04
"313003381",U192987332,policy,SUCCESS,2024-06-04
"313003381",U192987219,policy,SUCCESS,2024-06-04
"253739281",U106299647,policy,SUCCESS,2024-06-04
"252947315",U121582546,policy,SUCCESS,2024-06-04
"370539472",U213813958,policy,SUCCESS,2024-06-04
"370539472",U213813958,policy,FAILED,2024-06-04
"379553006",U129566629,policy,SUCCESS,2024-06-04
"349311665",U214022861,policy,SUCCESS,2024-06-04
"326877425",U141529738,policy,SUCCESS,2024-06-04
"326877425",U219648486,policy,SUCCESS,2024-06-04
"2127339142",U053074999,policy,SUCCESS,2024-06-04
"243943959",U240978031,policy,SUCCESS,2024-06-04
"384504767",U007154713,policy,FAILED,2024-06-04
"320784053",U213419271,policy,SUCCESS,2024-06-04
"374862776",U203842845,policy,SUCCESS,2024-06-04
"264207991",U090773965,policy,SUCCESS,2024-06-04
"327174381",U215896562,policy,SUCCESS,2024-06-04
"320460339",U190288842,policy,SUCCESS,2024-06-04
"384504767",U007154713,policy,FAILED,2024-06-04
"1614431",U179770054,policy,SUCCESS,2024-06-04
"200478294",U044946971,policy,SUCCESS,2024-06-04
"3882681",U037152455,policy,SUCCESS,2024-06-04
"311485787",U192947974,policy,SUCCESS,2024-06-04
"304712711",U234074129,policy,FAILED,2024-06-04
"322385829",U172624796,policy,SUCCESS,2024-06-04
"322385829",U207518890,policy,SUCCESS,2024-06-04
"380353060",U235196352,policy,SUCCESS,2024-06-04
"380353060",U235196352,policy,FAILED,2024-06-04
"253364311",U094787834,policy,SUCCESS,2024-06-04
"2141318433",U140061514,policy,SUCCESS,2024-06-04
"2144939231",U155654741,policy,SUCCESS,2024-06-04
"357882478",U219911906,policy,FAILED,2024-06-04
"357882478",U219911906,policy,FAILED,2024-06-04
"357882478",U219911906,policy,SUCCESS,2024-06-04
"375014433",U185768827,policy,FAILED,2024-06-04
"375014433",U185768827,policy,FAILED,2024-06-04
"375014433",U185768827,policy,FAILED,2024-06-04
,U183404413,policy,SUCCESS,2024-06-04
"2117759321",U064954626,policy,SUCCESS,2024-06-04
"351629617",U235693842,policy,SUCCESS,2024-06-04
"225303205",U225792407,policy,SUCCESS,2024-06-04
"291366728",U172127633,policy,SUCCESS,2024-06-04
"2113087567",U015909374,policy,SUCCESS,2024-06-04
"19843021",U010175598,policy,SUCCESS,2024-06-04
"379876460",U173380958,policy,SUCCESS,2024-06-04
"323056694",U228139355,policy,SUCCESS,2024-06-04
"329915917",U193432608,policy,SUCCESS,2024-06-04
"285742714",U183128744,policy,FAILED,2024-06-04
"2130793388",U151454301,policy,SUCCESS,2024-06-04
"323661182",U224784872,policy,SUCCESS,2024-06-04
"54003460",U204980353,policy,SUCCESS,2024-06-04
"54003460",U235698452,policy,SUCCESS,2024-06-04
"54003460",U235296799,policy,SUCCESS,2024-06-04
"54003460",U163707826,policy,SUCCESS,2024-06-04
"101335784",U006443373,policy,SUCCESS,2024-06-04
"28462871",U200522883,policy,SUCCESS,2024-06-04
"374340304",U229070390,policy,SUCCESS,2024-06-04
"349455466",U163322913,policy,SUCCESS,2024-06-04
"347249072",U230499805,policy,SUCCESS,2024-06-04
"335075915",U148731891,policy,SUCCESS,2024-06-04
"352742474",U214344811,policy,SUCCESS,2024-06-04
"2146776506",U196067070,policy,SUCCESS,2024-06-04
"124349360",U002558178,policy,SUCCESS,2024-06-04
"24587570",U210007712,policy,SUCCESS,2024-06-04
"317732018",U054310801,policy,SUCCESS,2024-06-04
"21813193",U100004401,policy,SUCCESS,2024-06-04
"357882478",U219911906,policy,FAILED,2024-06-04
"357882478",U219911906,policy,FAILED,2024-06-04
"357882478",U219911906,policy,FAILED,2024-06-04
"21813193",U011774066,policy,SUCCESS,2024-06-04
"357882478",U219911906,policy,FAILED,2024-06-04
"235448561",U229245785,policy,SUCCESS,2024-06-04
"21813193",U017519539,policy,SUCCESS,2024-06-04
"21813193",U229106992,policy,SUCCESS,2024-06-04
"307687650",U203793460,policy,SUCCESS,2024-06-04
"55061403",U013512284,policy,SUCCESS,2024-06-04
"7617630",U008531429,policy,SUCCESS,2024-06-04
"299216575",U227159404,policy,SUCCESS,2024-06-04
"366219601",U197050112,policy,SUCCESS,2024-06-04
"366219601",U197050112,policy,FAILED,2024-06-04
"2072085567",U670522112,policy,SUCCESS,2024-06-04
"316437325",U242424936,policy,SUCCESS,2024-06-04
"2115922514",U033128124,policy,SUCCESS,2024-06-04
"376078928",U193621817,policy,SUCCESS,2024-06-04
"227463073",U211170583,policy,SUCCESS,2024-06-04
"2118136415",U165401625,policy,FAILED,2024-06-04
"25434233",U330051347,policy,SUCCESS,2024-06-04
"2118136415",U165401625,policy,SUCCESS,2024-06-04
"2113064849",U213842534,policy,SUCCESS,2024-06-04
"356498395",U172352068,policy,SUCCESS,2024-06-04
"254685983",U152778455,policy,SUCCESS,2024-06-04
,U100002487,policy,SUCCESS,2024-06-04
"14611476",U340034396,policy,SUCCESS,2024-06-04
"382340671",U173388057,policy,SUCCESS,2024-06-04
"382340671",U173374812,policy,SUCCESS,2024-06-04
"369004693",U214172795,policy,SUCCESS,2024-06-04
"280032296",U230802447,policy,SUCCESS,2024-06-04
"185561211",U673644479,policy,SUCCESS,2024-06-04
"98279241",U140396852,policy,SUCCESS,2024-06-04
"37518695",U160047534,policy,SUCCESS,2024-06-04
"264690614",U052268159,policy,SUCCESS,2024-06-04
"3918991",U010003071,policy,SUCCESS,2024-06-04
"282822642",U172096049,policy,SUCCESS,2024-06-04
"383046916",U161477077,policy,SUCCESS,2024-06-04
"264690614",U234604201,policy,SUCCESS,2024-06-04
"377155004",U161730785,policy,SUCCESS,2024-06-04
"353876796",U193565795,policy,SUCCESS,2024-06-04
"2138105559",U117500642,policy,SUCCESS,2024-06-04
"133968370",U033155074,policy,SUCCESS,2024-06-04
"196257396",U021113222,policy,SUCCESS,2024-06-04
"133968370",U241730249,policy,SUCCESS,2024-06-04
"333465277",U000148865,policy,SUCCESS,2024-06-04
"7615355",U165838777,policy,SUCCESS,2024-06-04
"172262282",U673116156,policy,SUCCESS,2024-06-04
"2118607670",U993770638,policy,FAILED,2024-06-04
"2118607670",U993770638,policy,SUCCESS,2024-06-04
"377580071",U214351804,policy,SUCCESS,2024-06-04
"347887915",U194692557,policy,SUCCESS,2024-06-04
"327045098",U129240453,policy,SUCCESS,2024-06-04
"2118607670",U052268175,policy,SUCCESS,2024-06-04
"305148456",U234601259,policy,SUCCESS,2024-06-04
"38204726",U144976922,policy,SUCCESS,2024-06-04
"303194860",U213631554,policy,SUCCESS,2024-06-04
"383703947",U181549325,policy,SUCCESS,2024-06-04
"381436812",U227834994,policy,SUCCESS,2024-06-04
"366356216",U148266120,policy,SUCCESS,2024-06-04
"2134883625",U232611050,policy,SUCCESS,2024-06-04
"6472029",U118609393,policy,SUCCESS,2024-06-04
"384320257",U171486854,policy,SUCCESS,2024-06-04
"381925718",U130714635,policy,SUCCESS,2024-06-04
"303194860",U225430895,policy,SUCCESS,2024-06-04
"23726336",U200075518,policy,SUCCESS,2024-06-04
"287695878",U192960773,policy,SUCCESS,2024-06-04
"287695878",U204434731,policy,SUCCESS,2024-06-04
"242066655",U127848132,policy,SUCCESS,2024-06-04
"382642012",U220516400,policy,SUCCESS,2024-06-04
"375357345",U025554175,policy,SUCCESS,2024-06-04
"375357345",U220240954,policy,SUCCESS,2024-06-04
"352610890",U205641808,policy,SUCCESS,2024-06-04
"382262764",U048157601,policy,SUCCESS,2024-06-04
"42953478",U061139321,policy,SUCCESS,2024-06-04
"179011126",U171321841,policy,FAILED,2024-06-04
"364935886",U049501447,policy,SUCCESS,2024-06-04
"179011126",U171321841,policy,FAILED,2024-06-04
"384128882",U181187790,policy,SUCCESS,2024-06-04
"179011126",U171321841,policy,FAILED,2024-06-04
"367105158",U163415891,policy,SUCCESS,2024-06-04
"369259309",U149640680,policy,SUCCESS,2024-06-04
"83277159",U007760149,policy,SUCCESS,2024-06-04
"354600466",U230751239,policy,SUCCESS,2024-06-04
"253939885",U046911014,policy,SUCCESS,2024-06-04
"2119527832",U086832289,policy,SUCCESS,2024-06-04
"364643547",U241466759,policy,SUCCESS,2024-06-04
"332639905",U220592042,policy,SUCCESS,2024-06-04
"227947528",U211167266,policy,SUCCESS,2024-06-04
"265875669",U054770182,policy,SUCCESS,2024-06-04
"266767079",U047405671,policy,SUCCESS,2024-06-04
"362595183",U241353309,policy,SUCCESS,2024-06-04
"378718282",U183935762,policy,SUCCESS,2024-06-04
"336083926",U005875641,policy,SUCCESS,2024-06-04
"227947528",U234705304,policy,SUCCESS,2024-06-04
"227272051",U183709163,policy,SUCCESS,2024-06-04
"380485505",U242093859,policy,SUCCESS,2024-06-04
"379290093",U203627691,policy,SUCCESS,2024-06-04
"286092014",U193035050,policy,SUCCESS,2024-06-04
"286092014",U045356638,policy,SUCCESS,2024-06-04
"178913812",U109382700,policy,SUCCESS,2024-06-04
"330437330",U080665300,policy,SUCCESS,2024-06-04
"238990557",U174356428,policy,SUCCESS,2024-06-04
"383973339",U161969381,policy,SUCCESS,2024-06-04
"296804805",U020399021,policy,SUCCESS,2024-06-04
"40511669",U030067819,policy,SUCCESS,2024-06-04
"370427131",U163101804,policy,SUCCESS,2024-06-04
"2138729721",U232331411,policy,SUCCESS,2024-06-04
"384289309",U192160654,policy,SUCCESS,2024-06-04
"383043607",U161459406,policy,SUCCESS,2024-06-04
"258790456",U091180340,policy,SUCCESS,2024-06-04
"244322588",U234507942,policy,SUCCESS,2024-06-04
"2092849374",U133211795,policy,SUCCESS,2024-06-04
"373481769",U178472227,policy,FAILED,2024-06-04
"2100210589",U007252181,policy,SUCCESS,2024-06-04
"2100210589",U007252181,policy,FAILED,2024-06-04
"373481769",U178472227,policy,FAILED,2024-06-04
"373481769",U161754813,policy,FAILED,2024-06-04
"373481769",U161754813,policy,FAILED,2024-06-04
"373481769",U161754813,policy,SUCCESS,2024-06-04
"363055581",U207065327,policy,SUCCESS,2024-06-04
"373481769",U178472227,policy,SUCCESS,2024-06-04
"304512621",U196220325,policy,SUCCESS,2024-06-04
"375966037",U193777266,policy,SUCCESS,2024-06-04
"300749960",U163033118,policy,FAILED,2024-06-04
"51490603",U010350928,policy,SUCCESS,2024-06-04
"300749960",U163033118,policy,SUCCESS,2024-06-04
"300749960",U089052008,policy,SUCCESS,2024-06-04
"375966037",U234164877,policy,SUCCESS,2024-06-04
"38356670",U200969983,policy,SUCCESS,2024-06-04
"255166528",U213811086,policy,SUCCESS,2024-06-04
"232893115",U163253972,policy,SUCCESS,2024-06-04
"250782530",U025294516,policy,SUCCESS,2024-06-04
"282582348",U224512905,policy,SUCCESS,2024-06-04
,U213883195,policy,SUCCESS,2024-06-04
"331324017",U229460191,policy,SUCCESS,2024-06-04
"118634524",U069920587,policy,SUCCESS,2024-06-04
"34637410",U200703107,policy,SUCCESS,2024-06-04
"343864084",U183889384,policy,SUCCESS,2024-06-04
"16489044",U030113624,policy,SUCCESS,2024-06-04
"373329508",U021646333,policy,SUCCESS,2024-06-04
"2118994222",U099093510,policy,SUCCESS,2024-06-04
"243871959",U173763119,policy,SUCCESS,2024-06-04
"2118994222",U162603219,policy,SUCCESS,2024-06-04
"2118994222",U047272286,policy,SUCCESS,2024-06-04
"164490295",U128605866,policy,SUCCESS,2024-06-04
"61716713",U000910268,policy,SUCCESS,2024-06-04
"230468797",U120734447,policy,SUCCESS,2024-06-04
"2140921229",U232725373,policy,SUCCESS,2024-06-04
"379487941",U229735143,policy,SUCCESS,2024-06-04
"321731634",U219214234,policy,SUCCESS,2024-06-04
"61716713",U213907929,policy,SUCCESS,2024-06-04
"42907211",U310061483,policy,SUCCESS,2024-06-04
"298463699",U152415572,policy,SUCCESS,2024-06-04
"289032123",U213388784,policy,SUCCESS,2024-06-04
"344214770",U201311187,policy,SUCCESS,2024-06-04
"382608867",U126631599,policy,FAILED,2024-06-04
"2129404491",U162970719,policy,SUCCESS,2024-06-04
"346879856",U214736005,policy,SUCCESS,2024-06-04
"2134039990",U103502829,policy,SUCCESS,2024-06-04
"372358949",U153336294,policy,FAILED,2024-06-04
"377658064",U153587386,policy,SUCCESS,2024-06-04
"383503811",U192136866,policy,SUCCESS,2024-06-04
"382938555",U181029191,policy,SUCCESS,2024-06-04
"378501484",U171776111,policy,SUCCESS,2024-06-04
"323777430",U193153699,policy,SUCCESS,2024-06-04
"345256683",U191854767,policy,FAILED,2024-06-04
"345256683",U191854767,policy,FAILED,2024-06-04
"375014433",U185768827,policy,FAILED,2024-06-04
"154857134",U015029144,policy,SUCCESS,2024-06-04
"381990770",U149837286,policy,SUCCESS,2024-06-04
"377375491",U163344836,policy,SUCCESS,2024-06-04
"354081926",U213802053,policy,SUCCESS,2024-06-04
"377306066",U230117446,policy,SUCCESS,2024-06-04
"229178027",U140841491,policy,SUCCESS,2024-06-04
"311818590",U129744263,policy,SUCCESS,2024-06-04
"337803662",U162448364,policy,SUCCESS,2024-06-04
"310929613",U242877088,policy,SUCCESS,2024-06-04
"366838477",U186792384,policy,SUCCESS,2024-06-04
"336142186",U193305146,policy,FAILED,2024-06-04
"333667679",U172068404,policy,SUCCESS,2024-06-04
"313900471",U241447707,policy,SUCCESS,2024-06-04
"278162734",U141589794,policy,SUCCESS,2024-06-04
"315991576",U224719203,policy,SUCCESS,2024-06-04
"354482279",U235952431,policy,SUCCESS,2024-06-04
"319499258",U204056274,policy,SUCCESS,2024-06-04
"260101167",U193941416,policy,SUCCESS,2024-06-04
"260101167",U171789412,policy,SUCCESS,2024-06-04
"375014433",U185768827,policy,FAILED,2024-06-04
"375014433",U185768827,policy,FAILED,2024-06-04
"375014433",U185768827,policy,SUCCESS,2024-06-04
"155576478",U007044991,policy,SUCCESS,2024-06-04
"312187677",U225611119,policy,SUCCESS,2024-06-04
"344746918",U194228332,policy,SUCCESS,2024-06-04
"331684234",U117512449,policy,SUCCESS,2024-06-04
"173118966",U050521458,policy,SUCCESS,2024-06-04
"380878684",U077626116,policy,SUCCESS,2024-06-04
"347820378",U204864864,policy,SUCCESS,2024-06-04
"347820378",U163558703,policy,SUCCESS,2024-06-04
"325950684",U194689395,policy,SUCCESS,2024-06-04
"12467932",U149391146,policy,SUCCESS,2024-06-04
"378399869",U225472895,policy,SUCCESS,2024-06-04
"322560662",U175718683,policy,FAILED,2024-06-04
"340030600",U060183763,policy,FAILED,2024-06-04
"322560662",U175718683,policy,FAILED,2024-06-04
"322560662",U175718683,policy,FAILED,2024-06-04
"340030600",U060183763,policy,FAILED,2024-06-04
"322560662",U175718683,policy,FAILED,2024-06-04
"362503692",U241343445,policy,SUCCESS,2024-06-04
"322560662",U175718683,policy,FAILED,2024-06-04
"338550888",U002674421,policy,SUCCESS,2024-06-04
"322560662",U175718683,policy,FAILED,2024-06-04
"25735891",U002674434,policy,SUCCESS,2024-06-04
"351303805",U173589128,policy,SUCCESS,2024-06-04
"11260592",U149406701,policy,SUCCESS,2024-06-04
"366728680",U193148206,policy,SUCCESS,2024-06-04
"372836764",U213679273,policy,SUCCESS,2024-06-04
"239753339",U241150214,policy,SUCCESS,2024-06-04
"346853650",U103111045,policy,SUCCESS,2024-06-04
"2135388239",U242970532,policy,FAILED,2024-06-04
"2135388239",U242970532,policy,FAILED,2024-06-04
"311799448",U198145039,policy,SUCCESS,2024-06-04
"2135388239",U242970532,policy,SUCCESS,2024-06-04
"368565982",U203311923,policy,SUCCESS,2024-06-04
"352064840",U173852020,policy,SUCCESS,2024-06-04
"311188631",U170446840,policy,SUCCESS,2024-06-04
"374634384",U163759395,policy,SUCCESS,2024-06-05
"382561805",U235490621,policy,SUCCESS,2024-06-05
"374634638",U185765370,policy,SUCCESS,2024-06-05
"112707024",U670128260,policy,SUCCESS,2024-06-05
"112707024",U670128215,policy,SUCCESS,2024-06-05
"326481961",U234104552,policy,SUCCESS,2024-06-05
"376746245",U173108321,policy,SUCCESS,2024-06-05
"365631505",U217402828,policy,SUCCESS,2024-06-05
"365631505",U217402802,policy,SUCCESS,2024-06-05
"365631505",U187276618,policy,SUCCESS,2024-06-05
"365631505",U217402695,policy,SUCCESS,2024-06-05
"365631505",U187277057,policy,SUCCESS,2024-06-05
"365631505",U176246125,policy,SUCCESS,2024-06-05
"2135388239",U242970532,policy,FAILED,2024-06-05
"322560662",U175718683,policy,FAILED,2024-06-05
"322560662",U175718683,policy,FAILED,2024-06-05
"323733070",U175718751,policy,FAILED,2024-06-05
"183354941",U027691573,policy,SUCCESS,2024-06-05
"259118963",U172717904,policy,SUCCESS,2024-06-05
"368784738",U172968821,policy,SUCCESS,2024-06-05
"320784053",U213419271,policy,SUCCESS,2024-06-05
"370416247",U230656020,policy,SUCCESS,2024-06-05
"383870951",U203651201,policy,SUCCESS,2024-06-05
"255102928",U100472907,policy,SUCCESS,2024-06-05
"356823670",U235954251,policy,FAILED,2024-06-05
"356823670",U235954251,policy,FAILED,2024-06-05
"375048102",U221883349,policy,FAILED,2024-06-05
"383777210",U030050583,policy,SUCCESS,2024-06-05
"375048102",U221883349,policy,FAILED,2024-06-05
"264557119",U050054174,policy,SUCCESS,2024-06-05
"264557119",U090704329,policy,SUCCESS,2024-06-05
"273077673",U039766328,policy,FAILED,2024-06-05
"273077673",U039766328,policy,FAILED,2024-06-05
"273077673",U039766328,policy,FAILED,2024-06-05
"2120355086",U162942488,policy,SUCCESS,2024-06-05
"273077673",U039766328,policy,FAILED,2024-06-05
"264198419",U204515524,policy,SUCCESS,2024-06-05
"264198419",U204515524,policy,FAILED,2024-06-05
"264198419",U068652542,policy,SUCCESS,2024-06-05
"264198419",U074836381,policy,FAILED,2024-06-05
"296804805",U020399021,policy,SUCCESS,2024-06-05
"243147038",U029734768,policy,SUCCESS,2024-06-05
"2059285078",U238307229,policy,SUCCESS,2024-06-05
"128912771",U143437035,policy,SUCCESS,2024-06-05
"340030600",U060183763,policy,FAILED,2024-06-05
"194654870",U159149854,policy,SUCCESS,2024-06-05
"277708706",U182650996,policy,SUCCESS,2024-06-05
"336292371",U225159587,policy,SUCCESS,2024-06-05
"374862776",U203842845,policy,FAILED,2024-06-05
"371198120",U213572396,policy,SUCCESS,2024-06-05
"181041546",U164584080,policy,SUCCESS,2024-06-05
"374862776",U203842845,policy,FAILED,2024-06-05
"2130351498",U681009349,policy,SUCCESS,2024-06-05
"311300611",U128952331,policy,SUCCESS,2024-06-05
"288748959",U171348167,policy,SUCCESS,2024-06-05
"325126023",U003260999,policy,SUCCESS,2024-06-05
"380440018",U242105394,policy,FAILED,2024-06-05
"383182690",U149845566,policy,FAILED,2024-06-05
"383182690",U149845566,policy,FAILED,2024-06-05
"155576478",U007044991,policy,SUCCESS,2024-06-05
"370848491",U229795905,policy,SUCCESS,2024-06-05
"2117950641",U183827171,policy,SUCCESS,2024-06-05
"2117950641",U234365553,policy,SUCCESS,2024-06-05
"2117950641",U213211411,policy,SUCCESS,2024-06-05
"2117950641",U162143355,policy,SUCCESS,2024-06-05
"2117950641",U236396944,policy,SUCCESS,2024-06-05
"2117950641",U173086210,policy,SUCCESS,2024-06-05
"382608867",U126631599,policy,FAILED,2024-06-05
"374710934",U161731072,policy,FAILED,2024-06-05
"374710934",U161731072,policy,FAILED,2024-06-05
"2123797212",U104061000,policy,SUCCESS,2024-06-05
"326551770",U172361868,policy,SUCCESS,2024-06-05
"166417513",U159336324,policy,FAILED,2024-06-05
"363681225",U242664958,policy,SUCCESS,2024-06-05
"365743958",U187267423,policy,SUCCESS,2024-06-05
"357882478",U219911906,policy,FAILED,2024-06-05
"381273754",U092282441,policy,FAILED,2024-06-05
"343847256",U153036578,policy,SUCCESS,2024-06-05
"312991155",U172434863,policy,SUCCESS,2024-06-05
"290070989",U126381386,policy,SUCCESS,2024-06-05
"291366728",U172127633,policy,SUCCESS,2024-06-05
"322560662",U175718683,policy,FAILED,2024-06-05
"2146528590",U169333922,policy,SUCCESS,2024-06-05
"373136171",U161741554,policy,SUCCESS,2024-06-05
"384466708",U192283573,policy,SUCCESS,2024-06-05
"269808928",U162317042,policy,SUCCESS,2024-06-05
"361497187",U083422029,policy,SUCCESS,2024-06-05
"354069054",U184876859,policy,SUCCESS,2024-06-05
"374710934",U161731072,policy,FAILED,2024-06-05
"373387517",U183704414,policy,FAILED,2024-06-05
"353894884",U162484577,policy,SUCCESS,2024-06-05
"282422257",U177322527,policy,SUCCESS,2024-06-05
"299099246",U127346090,policy,FAILED,2024-06-05
"299099246",U127346090,policy,FAILED,2024-06-05
"317960071",U184021112,policy,FAILED,2024-06-05
"317960071",U184021112,policy,FAILED,2024-06-05
